,Zip Code,White Proportion,Black Proportion,Asian Proportion,Other Proportion,Hispanic Proportion,Non-Hispanic Proportion
0,100,57.99624657449303,15.403489445547173,11.147180849683913,15.499778856673181,24.96792314462647,75.03205534214574
1,101,82.3549715565903,4.3058709833293065,6.801994333282084,6.595192075380527,12.198796371543413,87.8011377363878
2,102,88.91680544946846,2.307434166864928,4.574573321145491,4.1928475726574925,6.3849688834349685,93.61494346426917
3,103,74.56232063496459,9.933117485457958,7.052274215145085,8.456526167764036,16.21765891420739,83.78230548473803
4,104,29.04968573356956,35.37772223628336,3.51207992350741,32.07868050282629,53.63746027728564,46.362525661576534
5,105,76.19411190893555,10.811906735219264,4.571763860264187,8.420134513689739,15.33738879150378,84.66245278452139
6,106,70.76798486729325,12.320117548704177,5.555231846240891,11.302586578167356,20.061966407417728,79.93793225749246
7,107,64.68801212469386,14.502982039730293,5.401955522631754,15.386062649290963,27.003685030084963,72.99625071810843
8,108,79.13563654116768,9.917664627667213,3.2140317624422043,7.719284339909825,16.494086901582378,83.50584991815283
9,109,76.55101498651052,10.225203329378335,4.588597040752036,8.633439896894817,15.456059134699094,84.5437416195627
10,110,60.72248176845943,14.30249978295785,11.477427616443114,13.492311281850936,22.048015149542042,77.95185462516821
11,111,60.77540804849359,8.34748731422095,15.026826880972619,15.867994917102404,25.982845220616646,74.01712902145636
12,112,42.91340942987253,34.27625390259908,10.43530534730646,12.370137808976475,19.787322767315608,80.21266649432259
13,113,46.54601444973894,5.109651636421405,29.907913021420086,18.443958364116682,32.111939782220446,67.88804740621292
14,114,21.90817611615962,42.500880745423416,16.08202319021906,19.52313260020194,21.941171144475174,78.0588027898503
15,115,66.8848296118342,16.3569211108003,5.655524108842195,11.13257943494644,19.070007788546448,80.92985783160285
16,116,42.69950773191393,41.69476769468942,2.282071352780532,13.35746838525631,20.946163613908748,79.05381029414323
17,117,82.03711411967559,6.4730417012580626,4.215028418162079,7.2815013730123255,14.69869915064819,85.30118206782042
18,118,78.70810290273765,0.904512312560187,15.076723070573669,5.346375017196313,9.887274728298253,90.11267024349979
19,119,84.031248496319,6.124957896931689,1.5790575328403933,8.267378542672462,15.79987008196064,84.19983319165317
20,120,92.13749284457354,2.741556596773168,1.7648726864121103,3.325057773443297,4.14963586829775,95.85016271969809
21,121,89.04423816214597,4.998388097598551,2.59397177031104,3.3680272739592176,3.520191573887181,96.47955166289843
22,122,70.69008185688621,19.166428856141,4.8262693016458025,5.2997856816882045,6.1136060355733735,93.88629575927028
23,123,81.42499632934728,8.425752211908142,3.259751700735762,6.895987296822574,5.391503662495718,94.60838213941955
24,124,88.9360301354057,4.8741303831404625,1.239703170778611,4.96394271558014,6.661661067182498,93.33774504813294
25,125,81.88105136408382,8.287483739980312,2.613055477429335,7.234238767402616,12.71715476023063,87.28261012867388
26,126,70.73245380967953,16.56886649771092,4.154410562459123,8.518241088947024,11.951387753433616,88.048489617397
27,127,83.39508159043898,7.975857623934528,1.332047605248169,7.274049943541215,12.487624034454848,87.51176641052032
28,128,95.41147388929078,1.7816126641488668,0.7365452294200924,2.0792929449826696,2.1515251032934066,97.84818199166553
29,129,91.9826332204381,4.502400038985405,0.7986342925367316,2.726852415876806,2.734972344728442,97.26458906946712
30,130,93.59777552884745,2.3280590171846183,1.34639108241673,2.7436711899714123,2.1647349668446934,97.83510251921236
31,131,95.09309314313647,1.3447040394614052,1.097798071368262,2.4691485579700485,2.0481769097453673,97.95152868506422
32,132,69.16224919171304,19.890312305543347,4.058714486503892,6.929949914493466,6.205028567450078,93.79488440299905
33,133,96.34161901115324,1.0252461000704025,0.8073502711114954,1.8272606005212257,1.7705062806467151,98.22911700406358
34,134,93.78233179092739,2.9323333231187245,0.8922920560986323,2.396285968191708,2.4171339850253832,97.58249318174853
35,135,74.0594734367654,12.611163349527242,6.2799717912552895,7.118542025805778,8.82936321370736,91.1705845478765
36,136,90.4241852356829,3.369691687024946,1.096080414869074,5.122809402526159,3.467583355657469,96.53200081566395
37,137,93.38746286845914,2.2623898748317974,1.6001218676212963,2.747848274811486,2.556420900297052,97.44329981973748
38,138,94.28484514461996,1.4898254253423138,1.9120971147583226,2.2976000458088484,2.3542240768443428,97.64551109075163
39,139,82.88914939624384,7.824667751889016,4.268580383391239,4.987888432663573,4.919118540294954,95.08078427561408
40,140,92.95529970283721,2.7777033497125028,1.0805486497300358,3.1943044547444894,2.7981608275601633,97.20164361144954
41,141,95.38773001229397,1.3972103669202092,0.7975941788523624,2.3893142360243482,1.9280402602724664,98.07177483033314
42,142,71.23147649343139,19.838958935801042,3.4113624721143516,5.4970751053457825,7.317633644550938,92.68229860365199
43,143,79.66701840379422,13.710769963918578,1.3735221367463182,5.214775228629133,3.0615539973222594,96.93834388544715
44,144,92.7359139123751,3.0189730976172173,1.2971714066102997,2.9639631053036126,3.3852636433512684,96.61452728670254
45,145,91.91347769469881,2.717159014534151,2.2349617743426027,3.1421437872805176,4.02845921196337,95.97135438544905
46,146,69.78588941222014,20.305448548862735,3.2600186729314604,6.642549993737736,9.158421985479139,90.84150021063978
47,147,93.92507447416725,1.6969578431077543,0.6500015045286311,3.726000260784963,2.953159008615934,97.04644981393996
48,148,90.8002107793549,2.46012992185655,3.8256488162166162,2.917813675279952,2.386653225664325,97.61299782523642
49,149,84.92238114423851,9.501893634165995,0.7893432715551975,4.782473811442385,3.0885173247381146,96.91132151490733
50,150,92.290590944408,4.577220520211434,1.125545996561983,2.008081755562623,1.2793469377896047,98.72045579893638
51,151,85.44824243699374,10.251636835434795,1.718028483691759,2.59332090991519,1.7836146135465352,98.21624011261227
52,152,78.13007514314593,15.786683431383441,3.4037257234526286,2.684782225787133,1.8658533611179609,98.13403824631669
53,153,93.74069158673208,2.9110392106611993,1.291196822142491,2.0620377828219962,1.3621402943545435,98.63757596836787
54,154,91.0744265412086,3.755605392097116,3.019749896399581,2.1601979377422422,1.3630158691465764,98.63664285888404
55,155,93.60513192748937,2.3149480114252317,0.5602794091307586,3.5219407811012338,5.1744987321009415,94.82517133134114
56,156,96.13586160571724,1.3826764890489247,1.0337561802825586,1.4519617235417837,1.0166826335436556,98.98306960457204
57,157,95.00393077274283,2.329671270402922,0.7779577103070425,1.8775610660883462,1.8170442871818286,98.18257048282159
58,158,94.7964471162762,0.7428293255857081,2.8777121839648885,1.5839772516535822,1.6294971255486184,98.37019379365766
59,159,94.79943002636612,2.9932533733133435,0.5292289200227472,1.666281083596133,1.3032750865946336,98.69633717623947
60,160,85.2212528200287,5.742993066508469,3.1535179412293184,5.877028210269326,8.97615346660316,91.02368111072767
61,161,89.76841227445628,5.272949700848481,1.2189608172481208,3.7384853217108085,4.283904822220212,95.71585129356971
62,162,95.8426540605951,2.4594166676091063,0.37345487033916513,1.3295070287142485,0.9924906415751558,99.00711353380908
63,163,96.83045074947181,1.2258879358033579,0.4630862642379648,1.4749498463732762,0.8577703130519398,99.14188977532508
64,164,96.42509932047919,1.7594143543018421,0.3559047750525363,1.482321721657233,1.1063687819244397,98.89333210620772
65,165,84.32872503840245,9.807614353985322,1.4293501450759516,4.450924859190988,4.4878712237583205,95.51205410479604
66,166,94.98953060949559,2.9258241758241756,0.45630376628625313,1.6575893458555455,1.206712726852832,98.7929601046939
67,167,96.20389243614932,2.1491077275703994,0.4089104453176162,1.220939751146038,1.6750777668631303,98.32463572364112
68,168,90.817347166897,2.6761543776928707,4.136640313795627,2.3731810421916917,2.5863852532314446,97.41326924640273
69,169,97.44751629231746,0.7091066701753843,0.3899320443955976,1.4665098063497468,1.0210523056918623,98.9784059070293
70,170,90.33008033462761,2.7081360580856386,2.4034762398886524,4.5385932585651,4.940339574426981,95.0594686996445
71,171,61.8325711144381,26.387170160007486,3.9969823149621035,7.769638345653598,9.257848320389257,90.74201717039394
72,172,91.15777673561402,2.5701074525678367,2.875347616461799,3.376914975893107,3.468270227575653,96.53150762699313
73,173,94.16060536836093,1.8422872644203312,1.0693260993717875,2.9284209023415193,3.531893203883495,96.46787549971445
74,174,83.22602766383075,8.120443524219473,2.3910182064434777,6.280931105074297,7.939643966342599,92.06023149193203
75,175,92.90628948131689,1.6015588514347234,1.725632807161573,3.7858238414307417,4.5011110073296985,95.49865794247341
76,176,77.11928645975823,7.531618891286946,4.001636420747586,11.321082976157907,17.095170785583285,82.90477855123568
77,177,93.00399317979027,2.843439965368883,2.0780834503900416,2.084355923069448,1.4872386101614057,98.51255377982737
78,178,93.99102012398184,2.9732491129174323,0.7632894615429784,2.27804900554479,2.698597444866665,97.30106701562775
79,179,93.9317320552831,3.0701069995541683,0.5036462645691357,2.483360932424686,2.6934988217311,97.30597573402967
80,180,87.72676700087148,3.9428689448117096,3.2620566441046237,5.075742641589272,7.9755030283287685,92.02435928220129
81,181,70.4836763982698,8.26432392288315,4.083695466725545,17.192119709758032,27.203395188727534,72.79654459509639
82,182,89.82497184373827,2.0378552657730276,2.561486650619438,5.54381555992315,7.793277830532429,92.20650575271073
83,183,83.20630454461735,8.152287983823246,1.8439930872596313,6.806502051485024,11.826480027901765,88.17330835759715
84,184,79.766148381533,4.537986230293923,2.009332547794086,13.68170006631545,21.38959615882693,78.61022168714476
85,185,75.05807049928116,5.252156511244032,10.77104151506008,8.904518911627411,12.080487566780853,87.91945031149606
86,186,94.65187403949554,2.004989473077034,1.4726320603516116,1.8796222668111457,2.19462241101557,97.80514274177932
87,187,90.73143382034351,3.792243655291542,1.9630207340392958,3.499396292252321,4.30942766194677,95.69043946457766
88,188,94.6885354674033,0.5596449535880406,3.118768576632205,1.644005714324403,1.536036127529638,98.46373367456788
89,189,92.50744207417809,1.4876920535271767,3.4325928258714686,2.5614519659672887,3.214139682801916,96.78574931851975
90,190,76.74569157661462,13.338163488429398,5.152543427137386,4.752394144483599,5.725405244191174,94.27449507454962
91,191,42.9152138033655,41.88692097489809,6.146130414142685,9.056464290884081,11.973849408751377,88.02612657088441
92,192,95.83091775632408,0.842478308688745,1.6692166687034096,1.6686789685934253,2.0318465110595136,97.96803128437004
93,193,85.57004836009934,6.4236694648345765,3.4790559029256385,4.516415871556926,6.57971616374131,93.42015313328751
94,194,81.87628033163963,7.452703463485862,6.562668558754511,4.1031432130582655,4.806463719990063,95.19344155646864
95,195,95.2683915313037,1.5896435171675907,0.8865099050027558,2.247021204163019,3.0179781473916285,96.98173815776676
96,196,76.62743808580906,6.446201319583457,1.7704857021036733,15.139119940452533,23.14029426855619,76.85956119875412
97,197,68.10541505786128,20.271883932003945,4.940645527938891,6.697533443651417,8.771243195658593,91.22867880165589
98,198,67.34177533543755,23.225251394774677,3.049251998373636,6.38429552875688,9.307898343875356,90.69200943961705
99,199,73.75479816689992,18.047495952361352,1.442122883565215,6.7548420734886525,7.233753190088088,92.7660602069098
100,200,38.33093779610575,50.83437095461158,3.50700144132602,7.348367164457968,9.087438777008181,90.91253453176923
101,201,67.64268333975504,8.506745128259016,13.541650028605789,10.327084427942602,14.351157658762128,85.64872908566558
102,202,88.20492808562828,5.045805924108968,3.7780503214776826,2.9711041736351134,3.8295610807596536,96.17038317166536
103,203,92.19529567666059,1.9442603942355474,3.8329468278946495,2.043746894152725,2.1369223124068246,97.86296173596158
104,204,94.1293044755796,1.510463324613896,2.208549826208478,2.166750277708102,1.614272404772996,98.3856738452718
105,205,94.80016503322379,1.471010611346758,1.719211893973392,1.9945857521316792,2.3160820533607422,97.68381661044921
106,206,67.4480685419727,24.890862937979453,3.0393258837544126,4.6429951302458266,3.6086510610412357,96.3911394347772
107,207,26.96507202866009,57.50520372379343,4.337363574438025,11.182235789792365,13.503282286752277,86.49657844942857
108,208,64.03666428380593,12.006065463683036,15.053384745358837,8.908928506957231,13.719407317548686,86.28047281733568
109,209,47.57197595137341,26.70057414742566,9.87827412907941,15.815935974591946,22.56110053444734,77.43881826083556
110,210,74.59753718788798,13.38770948344186,7.190970601480808,4.835664235155302,4.794399265208125,95.20550080966727
111,211,69.55860336332495,19.14823872663621,5.892999885415046,5.39720446915527,6.14172790690913,93.8581831614844
112,212,45.565198374393965,43.92520374920475,3.95766445275651,6.560927319395389,7.333759296228857,92.66618380207534
113,213,65.3728738894325,14.642930377797617,9.989832873967401,10.001087664172966,13.921364609201094,86.07861589860943
114,214,68.43117866915838,12.781592471467663,9.016261763331777,9.757011279450044,11.139821798037776,88.86010478542347
115,215,79.57664851739295,6.42580594391837,3.392642611696726,10.626382273917882,14.75218184747865,85.24763078906247
116,216,77.8344736067353,12.310277400616055,5.402720837342965,4.4441661503579,4.277075451385685,95.72259059571046
117,217,83.29116310882456,7.3234313009125245,4.928042697842869,4.43494316111297,4.883519058733828,95.11629219467436
118,218,76.3205528417355,16.74901890831252,3.0104249567770793,3.909544032492659,3.53337426932682,96.46644048958534
119,219,89.77037767089806,5.267444610896476,1.5516912402428447,3.372356697942127,3.1557202554600647,96.844122053142
120,220,61.83710706017067,9.361569419021588,17.83956019156992,10.966176458296767,16.377107310916642,83.62277358474796
121,221,60.87196499759434,14.201618238366898,13.17660148463812,11.788593717781291,16.557022819437762,83.44288911609046
122,222,71.7697132530352,8.477213084812888,9.581794499610686,10.158845129723442,15.10692691461035,84.89303463457306
123,223,59.541687662915336,19.784877101957782,8.13485190645938,12.563240700994756,18.547218230342846,81.45270711632855
124,224,71.9905253482288,18.935355535129275,2.136189870135992,6.979433877772278,7.327789954983619,92.67209691484598
125,225,72.39041770218563,19.644913229275872,1.8399863763843136,6.122138907662752,6.753582851273755,93.24628942732919
126,226,88.10661963743745,5.026850408771498,1.2167555300358188,5.614770459081837,6.781182839799852,93.21862576217428
127,227,78.8972172868227,13.324543351271203,1.0321092122250202,6.740288625004793,7.4883489064716935,92.51128040596679
128,228,89.2126338054861,2.9992725138619734,1.3904705429247388,6.366133380609743,8.10450735739132,91.89526644943972
129,229,80.08513433072741,11.950422635818882,3.2724512877495138,4.684848605103377,4.706357395134727,95.29342831064724
130,230,65.37379005792428,22.688425976078353,3.6167183885706273,8.311570837767398,4.732280203149195,95.26754455836716
131,231,81.59614505624793,12.481541091052131,2.3456595870811183,3.5893775745101677,3.1262469147430267,96.87362288810525
132,232,53.16357562127635,36.86819484240688,3.5555287475146304,6.417873175267645,7.011103812279531,92.98881165433595
133,233,69.84414881494986,23.63877177656234,2.2643415122050037,4.285931327863871,4.042413653398157,95.9574280867011
134,234,67.68736396031976,22.050706282705704,4.666491701178208,5.594868214067867,5.526533757102957,94.4733603004912
135,235,54.81564022795474,36.307446383833934,3.0118072571098202,5.835782424359222,5.854682294964623,94.14525920215841
136,236,57.71088017680211,33.11542979681289,3.2085051160673834,5.944605834223426,5.265633680964867,94.7343171162232
137,237,54.660662288581875,40.10020289944861,1.218194349792454,4.00524285979803,2.8119850071247137,97.18796852735271
138,238,57.290395563103345,37.08812295123589,1.4573969905383066,4.151798962993889,3.966342437697824,96.0334459859739
139,239,61.22054020860277,35.45322254994092,0.5097741842440708,2.8169561859746737,2.410292434660439,97.5893260883724
140,240,81.50005490065796,12.152150838853899,2.6312899965370353,3.716906868776166,3.541449996762269,96.4584007860648
141,241,86.26190620850078,10.434751286747156,0.7435706040117,2.5579014520930796,2.1476048709781015,97.85217379983162
142,242,92.73614398681465,2.4877702382830993,3.022110006487472,1.741013974365718,1.3321585748601688,98.6676003366472
143,243,95.00168681290053,2.5204501641223365,0.2890376699838483,2.165529099150732,2.308341582868754,97.69130021361956
144,244,87.61864301276066,5.10666044195456,4.332249195974686,2.9195455960161842,2.769395165473597,97.23035584604212
145,245,72.98417704081416,20.44820979726436,2.9014551357858283,3.6560466762460635,3.7448468356200966,96.25500481089169
146,246,88.24838570813603,2.955438369923949,6.385198737265031,2.424164155545989,2.472779451858229,97.52696226144353
147,247,87.34946955791308,3.892436922502567,5.5474535668730365,3.1844694023582116,2.695628908315963,97.30427153657095
148,248,90.34097000348268,3.9818294695719327,3.8557259884011446,1.8596629366605593,1.6310625217667813,98.36837722021168
149,249,92.33505512956249,2.1965735185601076,3.253692236944828,2.166971456682387,1.6348508667800272,98.36479621846493
150,250,94.77835875718422,3.3321233596934734,0.4064215029601141,1.4774930498537948,0.672601299281218,99.32683692724314
151,251,94.99723400331919,2.8672980163852375,0.2615447432891652,1.8914412159848266,0.7101103764389769,99.2893232528121
152,252,98.07888579195486,0.3716148790475207,0.218402670245346,1.353446199373731,0.568717525205602,99.43092116582362
153,253,88.10769492204332,6.956922031182672,1.3063403147398511,3.605689107913407,1.2686152296217175,98.73117235435848
154,254,89.0220337901098,6.001095837943655,0.9239562941526939,4.053105583453911,3.6550983062388287,96.34472082730446
155,255,96.48338840164233,1.1591190690216466,0.5421879934889823,1.820442894973397,1.2355992322829863,98.7640910084789
156,256,95.74099717084405,2.0394517977224584,0.4636403702071397,1.7772643910206287,0.8657785865593768,99.1335674376946
157,257,89.63000271960837,5.51441936361164,1.0021648082676096,3.8572749524068533,1.375262442208322,98.6245852597226
158,258,88.94586383560723,7.960695507897894,0.8067510453918678,2.279313012185962,1.2793466440959183,98.72023856234796
159,259,95.96308481093783,2.168617816705832,0.19739371929074984,1.6754966887417218,0.6489852595599231,99.35052339243751
160,260,93.989552828364,2.5613890515820588,0.6410708691447485,2.826068894125339,1.373605568192653,98.62621736110165
161,261,97.03848117613491,0.8476295595500893,0.4348185190190867,1.661733567599225,0.7924719556696851,99.20728777162078
162,262,97.8232543897872,0.6616183623237902,0.25703955813597446,1.263081035883787,0.7428780045458293,99.256627371545
163,263,94.96497523864207,2.175028110720352,0.5321578666156288,2.316993229503098,1.6088423168018373,98.39084667097299
164,264,95.53554038952745,1.0772669220945084,0.5239563378033205,2.88477809706258,1.172094508301405,98.82748643039591
165,265,93.05729516432145,3.0866299136355826,1.7680029985475785,2.0768638107583306,1.4373350408395933,98.56243069763083
166,266,96.57959138880251,0.878184844438754,0.5746163554222377,2.011431602436303,1.2948438900371297,98.70475371755711
167,267,95.58524809891132,1.8264128234586137,0.43169757645385415,2.1398189178839107,1.1259915750314569,98.87363914874993
168,268,95.68045790517397,1.773300883360375,0.5586803677663602,2.002163331530557,2.0885463613965505,97.91088275944955
169,270,87.7407799719717,5.670066559750542,1.208757204192937,5.359571423045681,6.240695173004769,93.75913522906134
170,271,58.59796862672628,28.98950551910898,1.7840581976359875,10.655992124697036,12.679689110332426,87.32023981292602
171,272,75.78112216012194,14.88491979385933,2.1669332946214706,7.179542716121071,8.707426870871743,91.29246425201423
172,273,76.77422059490935,15.183136799407194,0.8840590858159684,7.132368740208559,9.077121297200835,90.92271716806535
173,274,60.93684750175948,27.161096657994797,2.9309023616417043,8.976583703030807,8.94838251265366,91.05156352238309
174,275,68.74324164741782,20.054876453110754,3.970517853009669,7.2396209748654945,8.802222946514187,91.19767974643483
175,276,66.35210755371334,22.365116736358715,3.7789135000722154,7.5111672591796,9.487727760753545,90.51222351571595
176,277,52.15407549665761,33.58553389224452,4.036009145819413,10.236038691785215,12.385930748285158,87.61400881678479
177,278,55.30818112519182,38.08531644979711,0.8117845218717025,5.792479303354405,5.5083668707204465,94.49143506729115
178,279,68.33635893204291,27.450431928690975,0.6873330442930868,3.496314736856827,3.4246047840822738,96.57509685179228
179,280,81.0782195978251,11.992260820403292,1.5031150756259117,5.4321628242980085,6.702842864222347,93.29702731187749
180,281,80.07650648210148,13.25073194768369,1.5791871413002898,5.087526885946151,6.215902271947472,93.78395866932894
181,282,52.24299725401809,33.28651590012106,4.7373970256783755,9.706940247827328,12.65369870968377,87.3462520791709
182,283,53.05838816459268,29.52211924998982,1.2945657422436312,16.12962982355097,9.222678325217725,90.77716227143947
183,284,76.12751042951994,16.80824764478916,0.8596607712948273,6.214742346788883,6.073028184186302,93.9267563703312
184,285,72.25533871691341,19.614473979362945,1.3826379542395693,6.756480858381935,7.665498355017197,92.33433527740392
185,286,83.82549735180926,7.1708299560337,1.798714234558469,7.19897045686946,8.774949679851385,91.22488872686469
186,287,91.16462219131877,2.334796975992806,0.7368602274189802,5.759615497117566,5.173699895867982,94.82610120027613
187,288,87.40936213054214,6.105971645424603,1.643871046133684,4.846102439257244,5.145543940044871,94.85439964589327
188,289,89.19291103183721,2.687412244459224,2.5650818603838736,5.584275550718504,6.233488522079126,93.76641070600802
189,290,63.14964879067217,23.697829692026335,2.5623788621364656,10.58422348719417,13.644071422482222,86.3557998999532
190,291,60.14896980333702,33.254471798817136,1.332561988107259,5.240617637159206,5.23806919267202,94.76174648587136
191,292,51.24279208550905,41.065368103119994,2.710225405453341,4.945690900839336,5.688321274498041,94.31160569434374
192,293,71.70143339104979,22.450257173967927,1.5541467867916878,4.2992959272925715,4.752526476040872,95.24731031985455
193,294,64.5021271418377,28.997872858162292,1.508359558057575,4.9888981241233745,5.194267106676984,94.80563309810826
194,295,64.07177224835786,30.883984520143336,0.8430476046527738,4.188060105676158,3.8878497610005858,96.11201798635908
195,296,77.07189656505216,16.65236848647937,1.4055895988417157,4.872138501041495,5.837135085105894,94.16273642557334
196,297,72.6425669725292,21.784477713701314,1.1553478594358115,4.434856964290788,4.252870657083606,95.7470100281242
197,298,63.55869928815194,31.422235446336394,0.7205128551914416,4.291506061302786,4.307384014750898,95.6923725413291
198,299,65.15125571859754,26.374371191556406,1.041515594449401,7.441855388295146,11.45845118548188,88.5413447483817
199,300,53.22129606201804,31.120103926685584,7.416898372540799,8.227037010335268,12.434703026924414,87.56524232799082
200,301,73.16571160328006,18.906062361762505,1.5954004711176144,6.333923428585928,8.320355748776743,91.67956981971504
201,302,50.342195150460405,41.0383341608714,2.7096650119235415,5.917684105574543,7.316223109591682,92.68367598737613
202,303,45.852306042077224,42.27240964888803,4.255344389824501,7.624714140893276,10.517606234182807,89.48233589646345
203,304,66.90619359884491,27.28000165443388,0.8171812958729395,5.016536818674046,5.5662713572373965,94.43343911683311
204,305,85.0493861634009,5.116691541090944,2.0669394829329355,7.769257962681486,11.346258863662937,88.6535953286519
205,306,73.73956039752102,17.579094015931446,3.100935993675029,5.5828622193506705,7.206381929626198,92.79346292155846
206,307,87.62125231539657,3.1777223944225703,1.0557114666815597,8.16322498673592,11.847795835544014,88.15210642912326
207,308,63.240241944014386,31.12122683693781,1.7758796434306816,3.8704791760825454,3.7844765412391457,96.21535517496706
208,309,48.53566147195996,44.539009758003495,2.4936471589026326,4.451667466232758,4.105211357465392,95.89475402214715
209,310,64.94021095683995,29.438997117879907,1.6085698226479628,4.014817206615722,4.72581440820866,95.27401368110118
210,311,94.49997641843136,0.5999622694901665,2.899966985803896,1.8999669858038957,1.6999952836862708,98.29995755317644
211,312,45.0447029747732,50.44045329877332,1.5571234817203652,2.934621296603273,2.724410018385123,97.27552367461347
212,313,67.19458748392334,25.91623510311068,1.5565433837516933,5.354009262111899,5.685807060526483,94.31403645183849
213,314,50.68501862220984,42.325521295193695,2.2978371211161503,4.7005666894693725,5.388672122425194,94.61120119587524
214,315,72.36544489776385,21.672027733575813,0.8466517509960397,5.1235807181057895,6.1227103049736185,93.87710424618035
215,316,62.755315038740264,30.685342397092914,1.0441022910009816,5.534297140947727,6.155598020174175,93.84417747426018
216,317,53.22120250703326,41.07000544424211,0.8959720654059983,4.810905111955609,5.601548524824939,94.39826642458115
217,318,64.460189809611,29.9709028123805,1.0679166135555118,4.523309037394116,4.522555824652073,95.47706177503274
218,319,46.22559993260959,45.23154397750845,2.121597573945182,6.385736398193095,6.903942339079068,93.0960313365414
219,320,82.99564926707784,11.270577813434956,1.6907987765130623,4.049581306724164,5.963484263484263,94.03639873639874
220,321,84.41773763145252,10.360727823577472,1.443151494324617,3.795528422499553,6.083517720449262,93.91635604304665
221,322,63.35519691765262,27.426371431839733,3.987558144134378,5.243052370612931,7.261775022423778,92.73818649099681
222,323,63.746184357441294,30.262385643279067,2.002939958219277,4.021020926379484,5.428576573980695,94.57128835902607
223,324,82.6363336163789,11.672972292983614,1.2752146428908389,4.4270947992997245,4.196273757482362,95.8035296830938
224,325,77.8562557494226,14.144286527809458,2.5131030190793977,5.492800099090213,5.060425393075467,94.93943412842152
225,326,75.99172100250942,15.963332493358953,3.6584191682153695,4.393806238909713,7.238778467256749,92.76102466374776
226,327,79.71411468610401,10.856978498171006,2.5493268099568636,6.905696335165439,15.857456754620205,84.14244780157648
227,328,61.4707163059628,22.319466820614718,5.116346016146644,11.107031935270214,28.87750724987917,71.12238870092906
228,329,83.27440832572246,9.679311172427568,1.9666813246287589,5.0647672525019205,9.009521232299706,90.99036279261561
229,330,69.20955125541462,21.5702239986129,2.46466752961786,6.767835437399667,43.60413678473952,56.39581239480914
230,331,73.79151176164592,18.838598645797376,1.7288747200839099,5.64555026876717,62.279611715353376,37.72031722851387
231,333,62.459853003987725,28.581018261518107,2.895912873449417,6.059939994696963,21.83595720475079,78.1639683437413
232,334,73.53770610785423,17.221656316904486,2.267772073576721,6.9599553876677165,18.891885151267193,81.10803078026746
233,335,79.26570558610447,9.837154103373043,2.5729702438288276,8.338792180666598,19.344667540119847,80.65519565962404
234,336,66.78283813382447,20.932567727147884,3.959213833891249,8.349201746106326,27.539106842355487,72.46084157194184
235,337,79.90376169980188,12.115675343308055,3.1190284894445583,4.887892327662772,8.364886247181799,91.63501263920202
236,338,76.34972186235738,13.47691372335106,1.5658666303013773,8.600244613391517,17.743735510705033,82.25612669894086
237,339,83.23032294571212,8.269861808959579,1.347667387050811,7.169600698113594,16.740713521178613,83.25917058105685
238,341,84.50565758341516,5.938241400956075,1.080458937586849,8.457518496461663,25.239378282820155,74.76053050910203
239,342,85.69127712362717,6.688418553945237,1.3882197257203714,6.2356531725752165,11.76263406996475,88.23725863432429
240,343,95.32215189873418,0.5629746835443038,2.0369857594936707,2.085126582278481,1.5851661392405063,98.41475474683544
241,344,84.91751577338182,9.120740404665748,1.4221701223205365,4.517630651430053,8.978832490372817,91.02101106092336
242,345,96.5451051974253,0.500432318186185,1.1136036122586224,1.8349985589393794,1.4532135651839755,98.54645018733788
243,346,90.64817173167377,3.530390042590512,1.766070559683785,4.0557611327033865,8.842090719593438,91.15778763613646
244,347,73.01225406643644,12.649607148562234,3.0763915306796306,11.276076327304287,30.102343933981857,69.8975589030132
245,349,76.188005329756,14.313016660019578,1.364761973822559,8.131510369457235,16.375314981327726,83.62457624814184
246,350,75.51872459677146,20.078992307500922,0.5119775445072481,3.8889326176889027,4.262526604828112,95.7372517353925
247,351,82.8398441710423,13.137431285896863,0.6213387124093436,3.4094575242905316,3.843484286220224,96.15625086614416
248,352,50.27006025011392,43.8763687914536,2.0690273910181762,3.769878993468685,4.310787301908764,95.68908510961471
249,354,60.963251645664016,35.28696030432023,1.053398079799724,2.713252755349795,2.797544487302975,97.20225576925638
250,355,91.66024988138543,5.333480942590542,0.2174284358690495,2.7738099003637515,2.169925668195477,97.82972006958722
251,356,81.21940587875555,11.798610334014286,0.5480696914889465,6.454293261160918,5.427306676382184,94.57253197663071
252,357,83.00531477221206,10.458745445080687,2.047115077832446,4.508408758878944,3.019067689879263,96.9806888213464
253,358,63.37520960688139,28.896001159784472,2.106874139222461,5.625413777273057,5.270041317321865,94.72986203397203
254,359,84.3616164369559,6.848673697122511,0.4752679012556008,8.315409646148867,8.522561630066273,91.47716919092969
255,360,63.71732958297018,32.473763964820535,0.8133534056994955,3.017401552967277,2.5702763911998523,97.42945289596705
256,361,37.822158982408254,56.285533970182065,2.170863937625464,3.6938282185158102,3.731564067572414,96.26837072607276
257,362,77.77168696439055,18.211577512886944,0.5649518187155608,3.4339762890984793,2.9501273881919494,97.04958174659176
258,363,72.98985824254406,21.53647415134817,0.8894375972742187,4.5869431708240445,4.228902536490978,95.7708619021579
259,364,70.71813770540014,26.196274307980737,0.3046263279785318,2.7908043230526043,1.4496746682351211,98.54993934492519
260,365,80.03748867054787,14.060581291251717,1.1245878303612635,4.785582820380225,3.274286731056878,96.7254880700174
261,366,50.589340332532515,44.95335866309651,1.7267278391030865,2.699662387418375,2.387390152437196,97.61253929111942
262,367,36.41650354517378,62.139223106703206,0.2778111270607682,1.1827047718474053,1.0253599547609726,98.97422245421724
263,368,65.4182247091042,29.727555822201545,1.6747966484231835,3.2110571016941543,2.9551055224288727,97.04473530624156
264,369,45.20039661830707,53.959868489719234,0.0910656507671433,0.7606721636572383,0.6260306857321782,99.37329088821626
265,370,81.01141975860928,11.625811942488525,1.9000460771770349,5.480033596077624,6.164894782989917,93.83498778731133
266,371,83.64609569110333,9.209549809196828,1.6699571285799109,5.460521817643528,6.160781728694737,93.83910704442368
267,372,61.39509106589758,28.40386149080995,3.1504557931635664,7.106119127547898,8.64561733775989,91.3543386130534
268,373,92.04894253932265,3.719826059231968,0.828034221340513,3.404977327476265,3.173760096358226,96.82601672098626
269,374,65.9171359398617,27.69967853114146,1.7524243923971055,4.657134067227565,4.79039873730956,95.20950317233138
270,375,85.48032538781688,2.555744734518855,8.018287299785596,3.925778786732249,3.2205196115525285,96.77916509017531
271,376,94.37138289936415,2.3488520242028113,0.7909440754028868,2.495167726427717,2.0654825761074207,97.9343800693877
272,377,94.98805599350246,1.7423776160887172,0.4496314220112583,2.8276128568096293,2.686001905420331,97.31380418012124
273,378,93.41874446532726,2.1574985707933685,0.7044027037226629,3.7177419656168382,3.604270432050099,96.3955539530174
274,379,84.46203178496602,9.573662425264448,2.0087638612090553,3.946463794777454,3.652212683325668,96.34773366038121
275,380,70.87230086008208,23.334240260835347,2.3485614705717017,3.4564618584518523,3.298719433357693,96.70112541458205
276,381,35.22355964419562,57.89947647275651,1.6839710938453083,5.2082762166990895,5.839545655484706,94.16040187373169
277,382,89.71933401483105,6.212525626761399,1.4678895973703978,2.5986976239826953,2.1398162215281737,97.85992962877201
278,383,80.05948230354666,16.59794124507409,0.5831205421265208,2.7475999607154695,2.2982585904219404,97.70144984470335
279,384,89.71763008060287,6.755537097275651,0.49093507686739274,3.0594521603148013,2.6233335344151536,97.3764483691491
280,385,95.4240363167365,1.025602828816609,0.658570146105869,2.882821289824336,2.7296120177663483,97.27013316920761
281,386,66.65900589323918,29.186442049814715,0.9002896306115931,3.284936145637822,3.3290632506004805,96.67078143389028
282,387,44.1472049729576,53.346355899894675,0.9058265538877078,1.609303617930045,1.4422223227382283,98.55742228138307
283,388,79.41029650157614,17.318858707959066,0.38050616258882647,2.879817836102814,2.7331845254141642,97.2665926221465
284,389,50.6818087705495,46.92572777340676,0.4156445401465899,1.9875854072632406,2.0034535591535882,97.99618203652325
285,390,60.871624260079955,35.193597173582916,0.8609787088976354,3.0700808875941363,2.486233613289119,97.51355254594478
286,391,54.914972515187166,41.69971380019676,0.9674482122832002,2.4224371014014157,2.89755629398774,97.10225451143079
287,392,30.10261229253557,66.89032919691742,0.609838147709524,2.353453306558193,2.191420798791686,97.80850196522664
288,393,54.44258778741619,41.03821640971249,0.41266241145497934,4.1015568771544375,1.3649854161142467,98.63475415735445
289,394,71.0221552130309,25.67954499562496,0.5249808171232415,2.7472221848287,2.7958026519485766,97.2040519620381
290,395,72.80324113332689,20.302853668909698,2.2986085200424777,4.581507119169443,4.6539694881555915,95.34591831676065
291,396,55.2357047121365,43.04132343418219,0.3285469030013704,1.3916012830745599,1.1173064469978766,98.88249777871482
292,397,55.71920591331142,41.62617240101848,0.9649411667852543,1.6757204937168126,1.3161116566798192,98.68366488883139
293,398,51.75353438852093,43.88395998493464,0.4380069631357995,3.934355450628795,4.613003977622429,95.38659182979818
294,400,91.75499021254255,4.131596972320445,0.8982834572846151,3.2298713896798823,3.337620344003922,96.66216408854955
295,401,88.34592300839311,6.059326206217471,1.149698738688048,4.446036714024476,3.792481361654241,96.20729005486004
296,402,73.27760808707524,20.417486494095648,2.114420374924967,4.1961012159297955,4.238665398855783,95.76120312773902
297,403,93.56151657067373,2.9951917457849633,0.6085526584019418,2.8676004120584166,2.7041985925867538,97.29564919586093
298,404,93.75254576919573,3.0842927406867657,0.5906002368157391,2.595122506603516,1.757122688769469,98.24268603697969
299,405,76.13878143453219,14.2710230316015,3.1738776805729136,6.407747955060935,6.824313779946703,93.17563331944693
300,406,89.28935190793459,6.543391883706844,1.122434887946699,3.02076317383404,2.120436099333737,97.87947910357359
301,407,96.53565985178956,0.6004683403117208,0.9845482735060703,1.8662251887668402,1.1478775774776195,98.85199978977244
302,408,96.62709743655556,1.2821393050787642,0.5520228432095993,1.5310885816035162,0.872694022907376,99.12672848022073
303,409,95.39882090369309,2.06392386406704,0.6032256706110245,1.9302227649808397,1.185000210552912,98.81473870383627
304,410,92.07129154739185,3.353449361217133,1.4448718458439356,3.157295311174724,2.577167488337574,97.42266022582697
305,411,96.53762416655327,1.509113305784532,0.37048363185825495,1.6038558772765361,1.0757210075126584,98.92404981701772
306,412,96.7640399911843,1.9643966259942698,0.28568852557552443,1.0092364408647392,1.1227184388211016,98.87682074091883
307,413,98.00801167415376,0.7249992846719505,0.21786031073850468,1.0247503505107443,0.6916936106898623,99.3079630318464
308,414,96.19280840718375,2.4249078503646775,0.22931534781585758,1.1637126499882362,0.7643714218492668,99.23547172770763
309,415,98.0161060830534,0.5317794434746894,0.451454388100861,1.0163701172018247,0.6995878133571942,99.29998679829258
310,416,98.17650584357207,0.7540705224253321,0.1911896913395265,0.8951153730896014,0.5462990710218759,99.45332634102488
311,417,97.13604070896531,1.151749059711399,0.40330391602546767,1.3153715676393225,0.6194350893581455,99.38017158730548
312,418,98.61611374407583,0.4915691395041429,0.1366992294548151,0.7610342715285167,0.4858303510977851,99.51336363929458
313,420,90.63817051852983,5.905888115470514,0.6862487810796601,2.741256352990343,2.362099104402493,97.63761329780303
314,421,88.92519346165197,6.005131652293668,1.540971243073089,3.5399014657179393,3.1702380562022494,96.82962258582812
315,422,82.41452250917217,12.484774788771109,0.6554668546912533,4.449639685935203,4.252178017854368,95.74758894319825
316,423,93.30081350036326,3.537713832808613,0.4922722969551529,2.6906111710442304,2.248293740780696,97.7514585764294
317,424,89.07145709044828,7.469519781040059,0.5710954362128726,2.8867183205355955,1.9022029082786995,98.097606138285
318,425,96.45530774057384,0.8806209951894739,0.4113189968246725,2.2816059171372616,1.8852984237446049,98.11445439507159
319,426,95.115053508914,1.8595063973986818,0.23648572887986347,2.813559744353221,2.4428345397236724,97.55696612555596
320,427,92.5689335722747,4.040437789184866,0.737422673105934,2.6754599115106967,2.0028399599064484,97.99695248509147
321,428,96.81672991117968,0.38993369751052914,0.4492306409240649,2.345690338184396,1.462574538176056,98.53717526375047
322,429,96.79626773596546,0.41270820481184456,0.7248611967921036,2.0845157310302285,0.9366132017273288,99.06292412091301
323,430,87.76024019008878,5.52103833822983,3.6187282386783672,3.0944660009473797,2.29966816178996,97.70021948052445
324,431,89.86754427350594,6.0746606224799,1.016809583797429,3.0535708205859033,2.110023492560689,97.8898378867396
325,432,63.061396641355564,27.261179801818137,3.3387117784131504,6.335107873722548,5.439325060624282,94.56061309800279
326,433,94.62180150652637,2.4040595710424935,0.5606060606060606,2.451493109462749,1.6752870258562857,98.32447817836812
327,434,93.18784536257758,2.2908537362917625,0.7036364022783304,3.7937282155912606,5.471281773357137,94.52843131003995
328,435,93.63982497840601,1.8375817261315561,1.2799242161541904,3.233883323140553,4.794627038818731,95.20514283552636
329,436,69.88368465001862,22.641239463320506,1.25950981166567,6.207207258037215,6.837876189079092,93.16206174748079
330,437,94.83621808740804,2.428334466629577,0.26644824957243823,2.4664801879211224,0.671241062413715,99.32840349467351
331,438,97.15009511436924,0.9808997973986606,0.23849734762368735,1.6393850817364946,0.7438562303778283,99.25586538610247
332,439,93.32154478316397,4.408817813315564,0.3366872119495808,1.9276417346882115,0.8421844633238936,99.15746015880949
333,440,89.85499803065065,5.200886986049886,1.1997498815052505,3.7561556075275875,4.5565236644584735,95.4433606223589
334,441,62.77421217041389,30.521627921434632,2.5436914290051114,4.1834136550400025,4.811264846866646,95.18866491032739
335,442,94.18410543405727,2.563859976197192,1.2875564972723081,1.953139081321675,1.3578865720516506,98.64196380046917
336,443,70.35526396424001,23.788958382148845,2.2711991492583046,3.552899190713938,1.8935815864890684,98.10631026838017
337,444,91.92705348713672,5.419554608734425,0.4613963960244522,2.2027160554991316,1.7328037740730649,98.2669677778053
338,445,74.17780275166871,20.830285383462744,0.7808427553012759,4.211097488988784,5.0750805975571,94.92478318121964
339,446,95.25901696313245,2.015206737522583,0.5557493149222392,2.188535074515945,1.395433791866154,98.6043631445959
340,447,84.98993713084583,10.472037017662332,0.9472222486422736,3.5973568323837966,1.808448815377738,98.19137998268958
341,448,93.8870001733036,2.869884239064983,0.4573952174079068,2.7918946784043146,3.0742150668393826,96.92551175967783
342,449,84.85548139562768,11.54868910115503,0.7648375364693657,2.8355681227768677,1.4700051956356661,98.52982494704449
343,450,88.12034418292508,5.6728173556944945,2.801892800646456,3.3964814726043815,3.141761455073377,96.85813924822122
344,451,95.8359291784032,1.321117475797098,0.8739525883494687,1.95312389045376,1.2663413970222737,98.73348699315927
345,452,68.3744756088973,25.963520236214926,2.057466725686864,3.6004642810434504,2.7141829559058763,97.28565356485348
346,453,92.29595097361188,3.8254159817718385,1.2260711297972842,2.642675919195798,1.6085177080006818,98.39127070112986
347,454,72.05191684236777,22.212995080369087,2.0685533152376654,3.6808629036745746,2.4884367032908146,97.51144788014814
348,455,84.23190935283688,11.005152925531915,0.6577275413711584,4.086805555555555,2.0844137854609928,97.91543846040189
349,456,94.72084985803777,2.7151009509216277,0.3259582450763892,2.2393528324845646,0.881436184595971,99.11832439497049
350,457,94.92851906158357,1.6420774565935856,1.2947737746124843,2.167359074617139,1.0294942512684448,98.97017409114183
351,458,92.41530768147193,3.9603384008581926,0.7284287061016178,2.8926148861703167,2.8672266949841254,97.13249699307595
352,460,89.66631998580911,4.140443091745945,2.771429638412488,3.4224346705753845,3.7367049135943087,96.26314944310109
353,461,94.57667386609072,1.7223357604071639,1.197291692813751,2.5090130170332254,2.4652657449156017,97.53456753815288
354,462,62.82860974041077,26.579434435511082,2.128852262465426,8.497758772997829,9.263035423944057,90.73690888661521
355,463,82.98525191469517,8.81322380260554,1.2147268607369408,6.987478999635296,13.618576578838807,86.38130085675509
356,464,31.731207693782896,61.32562913295783,0.5328612320564817,6.38094595458452,9.329308397673113,90.67064188253343
357,465,88.6410217276974,3.4654615202169676,1.2312973714332855,6.67193136233797,8.787957472698587,91.21190021964877
358,466,69.63570906337311,19.238615296237302,1.2928166697130323,9.82411154920751,9.894221479489255,90.10568712954017
359,467,96.22853603312396,0.507160919989536,0.4062765922259742,2.8722610946901246,3.5803908361873775,96.4193295225953
360,468,76.736109226923,13.263574229474731,3.07783096571639,6.961988927433994,7.175097062604572,92.82479957621918
361,469,90.95941169184646,4.223937574038727,0.6336349402449908,4.208439065135025,4.13746986842147,95.86227605766207
362,470,97.73982441464507,0.3700136040626294,0.3673434899067995,1.5237057128613316,1.1441185665880842,98.85555189400661
363,471,91.79509017863597,4.09494662264742,0.6874231872183532,3.457513279789589,3.000488847730817,96.99930803947962
364,472,93.58417012077726,1.213934501377623,1.657075578674104,3.558205181407154,4.200631149241704,95.79919513995783
365,473,92.57386187229051,3.8332681715212216,0.6310126145602153,2.962061451421869,1.8918361832043513,98.10793383392937
366,474,92.59725959829686,1.8330045044718308,2.8142431254216143,2.7679181506277972,1.98735701384708,98.01246527349615
367,475,95.67448180958115,1.161514864826123,0.44113414179639343,2.7454029414294316,3.0356354462314727,96.96398612425102
368,476,95.66011321530036,1.2450778266629825,0.913777834456276,2.1971136474739104,1.3334041814562123,98.66632659567685
369,477,86.65164270003264,8.769112208801383,1.0817416527076855,3.482438442231225,2.0852202486393336,97.91467806932575
370,478,91.90167115066225,4.615397350993377,1.0098096026490067,2.46914321192053,1.7832522764900662,98.21645281456954
371,479,89.10089419905219,2.4950751633664505,3.678400768241628,4.7287968928309505,6.164089965830349,93.83564036031059
372,480,82.10852738504357,11.663355749499345,3.189555820844915,3.0478147770097728,2.3053784670591853,97.69456060664926
373,481,82.45069241778204,9.620340090509517,3.949183603639712,3.961279247571173,3.9947437980102856,96.00519434157644
374,482,22.048563174601117,71.10092524444242,1.5834130398835367,5.264838657730887,5.937651645089158,94.0623083665399
375,483,81.79902077120717,8.913181926057392,5.747122677040232,3.5325198889725837,3.8460794733420696,96.15386893399234
376,484,93.2009786165787,3.2490363537005904,0.7953761727591167,2.7501889605182437,2.820356648583686,97.17944025811693
377,485,56.81371252649642,37.627808620167556,0.6378368830120117,4.888361764409003,3.5265418391036643,96.4733824568487
378,486,86.03827250289149,9.336115516234036,0.9651328889789786,3.6738454934598828,4.458721547211656,95.5411258301835
379,487,95.09575213861443,1.365089665495126,0.4472901410585549,3.1015119506626627,3.576175409012969,96.42354986310973
380,488,91.32080600290958,2.852230673030295,2.2479039585513387,3.5803275184400603,3.4878097802506316,96.51201794237002
381,489,66.40441462166113,19.915044127714424,3.656630258475543,9.977963896067052,11.012815847739342,88.98711631091074
382,490,84.65734717296733,8.81132369054025,1.2971596766141738,5.227010626090001,4.642095913590892,95.35774978443106
383,491,89.88783625360414,4.392739456924685,1.2486375590127055,4.462881404264757,3.94902728050442,96.050695478597
384,492,90.77915111045323,5.073126538488951,0.5759033568526833,3.5617807821143295,4.028787903707724,95.97099554283646
385,493,94.29136084724338,1.442965697354668,0.9644419233438241,3.293278547385334,3.175852527131426,96.82397758651966
386,494,87.39232128649783,5.305886473889135,1.5533359384351084,5.738519950151026,7.5065778819818485,92.49329714354111
387,495,74.22902739810398,13.195373164734475,2.6072117229584078,9.977808625451859,12.12743932194075,87.87247303065764
388,496,95.24765072677629,0.9841640933610467,0.4725921044791291,3.280458182761364,1.9711988391207882,98.02846467415117
389,497,91.35198014977014,1.3272851318204708,0.42774646285797824,6.897280745926804,1.1300864183492796,98.86956839557512
390,498,93.72254388243023,1.4101549570469047,0.43890577817157816,4.422554576146901,1.0340162035268896,98.96565789272674
391,499,92.5068890323681,1.8688099211811857,1.391645449340334,4.262160878092756,1.0612764505951002,98.93823626152741
392,500,93.41279664025113,1.370996505963811,2.9460626873714326,2.277072365466777,2.3409486500703514,97.65870493997699
393,501,94.06065361995309,1.1939725996351152,1.256847258263737,3.4859485308282436,5.477545978900133,94.5220404093057
394,502,93.68625976658276,1.5018564096337153,1.8633916020231363,2.939730902331837,4.317962105892407,95.68167828771314
395,503,81.13234945592188,7.822258787521753,3.8940148021749583,7.1772773748823475,9.508751972156201,90.49117354297438
396,504,96.04068118151838,0.7417201517676678,0.5752898833374703,2.6517144782099926,3.8872114464026097,96.11219460302826
397,505,92.82113598503001,1.7463849143865575,1.437674478750675,3.9942036922936492,6.216540015061272,93.78275256155725
398,506,96.49734448211915,0.8898783070524848,0.9129933831517266,1.6994710910667061,1.5852783355828424,98.41420592334113
399,507,80.64980232418833,12.9280819456092,0.9231700011980353,5.461027914220678,4.802060620582245,95.19778363483887
400,508,97.04663879060791,0.39723383724670314,0.44273449291139866,2.1029022441052034,2.2302001632976225,97.76895860652695
401,509,97.28315085158151,0.32725060827250607,0.4726277372262774,1.7892335766423357,1.0723844282238444,98.92731143552311
402,510,95.82925273751229,0.45131930256942415,0.570980748235345,3.126482256164132,3.6140999448714206,96.38505691215099
403,511,81.20457826836197,2.746390480182572,2.6464417120767547,13.342683154021703,15.886602859671184,84.11331563504261
404,512,95.00986206586691,0.31387877970975425,0.5976546704407603,4.054791750909826,6.2639169699420405,93.73540908478232
405,513,96.39542013786104,0.3559225271704656,0.4835497103226625,2.769590222861251,3.317249545396879,96.68203154734216
406,514,93.2743109770004,0.5936211645409729,0.4835002894686058,5.675321485587972,7.9952807845476395,92.00408764758512
407,515,94.84983511426185,0.926200679048844,0.4977111055573504,3.723436938062699,4.591308906268096,95.40817906408294
408,516,95.34899546338302,1.586398250162022,0.5861147116007777,2.4787751134154243,2.5639581983149706,97.43531270252754
409,520,95.48899897724367,1.7601188954231655,0.7188315008949118,2.012170800306827,1.6234339043722834,98.37621452313986
410,521,96.61860863432572,0.7441438718452471,0.6190788037546388,2.026413446845667,2.7542693063321746,97.24510939835105
411,522,88.45185432159039,3.867449794295036,4.051697140373544,3.647741413082955,3.9739638840431297,96.0256550705827
412,523,94.62268569290515,1.2011173184357542,0.8930741739455791,3.2918252544931423,2.758305701420517,97.2412814326448
413,524,88.50482288747092,5.316394835708748,2.1375305623471883,4.076226966426144,3.1796916930049495,96.82021140199177
414,525,94.34232564086173,0.9801988109697628,1.7205619126765965,2.9594227449977626,3.723942018794349,96.27554657035095
415,526,92.8111088201809,3.293408396159604,0.9085978610680316,3.030811019175086,3.0111070272790026,96.98852542783122
416,527,92.73251965246173,1.7033749039541344,1.1215024528636444,4.4412258407707315,6.843069921390153,93.15653998463266
417,528,81.05089061006302,10.538082603351738,2.1479992976569053,6.278605848957215,7.135503443432117,92.86442827321146
418,530,94.03013642374567,1.135492086258177,2.2855290921377445,2.5348751683652595,3.150246935713968,96.84957991048101
419,531,90.05823785783163,2.9253166152285988,1.9450623851436308,5.070832124318922,7.959788913411121,92.04007479769159
420,532,56.064841313441896,30.582048518113844,3.4174791968217417,9.92158722040663,14.371222178310859,85.62872888023169
421,534,73.68251956113127,14.791428071862569,1.1973306523291225,10.297635179437863,14.426796928501698,85.57302822339759
422,535,92.34296703056451,2.429491757641126,1.265579224300019,3.9491812298678015,4.544646110568585,95.45510246469122
423,536,98.26331538001197,0.2333931777378815,0.400359066427289,1.1190903650508677,1.0478755236385398,98.95152603231598
424,537,78.37709440916869,7.601013450384532,6.817175895562582,7.1943545757321505,8.180138424278843,91.81979196054651
425,538,96.58811033236873,1.4228626867169596,0.6333405817707375,1.3456501011993376,1.271147316126658,98.72840105046585
426,539,93.81813850621117,2.1902216159559478,0.5226355197368091,3.4657696377614733,3.674496863073536,96.32520724777957
427,540,93.87855002074195,1.5390950913811345,1.962207689905426,2.626374445910106,2.003136929537944,97.99666264257182
428,541,92.54840721052001,0.44044126463887445,0.7168711779047924,6.299944042527679,1.9807786082577241,98.01890163475758
429,542,94.88604764899043,0.5144196806322147,1.7181816064649853,2.9049116188080766,2.773003563194299,97.22667039288292
430,543,83.76521426596626,2.803489079347526,3.2664749792645837,10.133104782969312,9.204600497649986,90.79532209012994
431,544,93.99665163739914,0.5296582819174182,2.6720526815377315,2.785061699098244,2.2042216421452303,97.79550308495492
432,545,93.20817500985416,0.5742688214426488,0.8353251872290106,5.388490342924714,1.2254079621600316,98.77416633819472
433,546,93.77890141205268,1.0606068355771514,1.9959081526405202,3.1747693769066365,2.2103428748881138,97.78932831594908
434,547,94.92815449599333,0.8203375688783049,1.924455492012724,2.346576509238819,1.6406056076065985,98.35909193624086
435,548,92.18373303569665,0.6461843898777188,0.5365905454258114,6.637803480768851,1.4083878232354161,98.59121708381898
436,549,92.95308596317386,1.3355094296389944,2.2280760642136004,3.4519232122075785,3.8565766280020983,96.14326257670437
437,550,91.70220824558209,2.128982677563629,2.2183000317635706,3.939214160229902,3.9078645697692096,96.09197435430382
438,551,74.27719566542014,9.1359474625344,10.033848804777968,6.559142482785537,6.598884096584189,93.40105616554558
439,553,90.08410856621833,2.8766780955742397,3.3624402818570296,3.6729588685381502,3.5115749202707645,96.48827486522713
440,554,71.59015516266548,13.258440430331357,6.49459151193115,8.634656582039007,7.599272020831825,92.40067319976288
441,556,94.56393933720277,0.20589153092429632,0.3420707732634338,4.878986456968108,0.8422267989764713,99.15696186731573
442,557,93.83745016621121,0.6945913333569933,0.35308939915533943,5.123788905845193,1.0266825188392423,98.97282653701009
443,558,91.82151243508218,1.9498140308177503,1.278490992921173,4.96373172445709,1.4252352467305418,98.57464477315187
444,559,90.89507372306038,2.653275528099088,3.041089989184433,3.380692685132567,4.166935528221297,95.8327742235095
445,560,94.24098241864414,1.2960138191506492,1.0818645606124928,3.3703795874749307,4.782725329741916,95.21692333591955
446,561,90.1471799071799,1.1782691782691783,2.7355500955500958,5.954157794157794,7.915064155064155,92.08396396396397
447,562,93.23601718842536,1.3197212389989945,0.732298538708389,4.729192777555883,6.1280523916426795,93.87131406062777
448,563,93.29232286978053,2.179111403898763,1.3516707826408654,3.1583811727443543,2.3456087801680354,97.65405372076495
449,564,96.24133255505697,0.4869517103839091,0.3444845743193122,2.912346624834312,1.2255906995974852,98.77400800165384
450,565,92.22430894663411,0.8408015783048483,0.7549921520753401,6.173629883153121,2.5734380449947682,97.42604420997559
451,566,83.04560221393334,0.510870671862129,0.5399887081995132,15.873772479475765,1.4247290430661865,98.57482668937368
452,567,94.90700823584257,0.6606544275978422,0.9451350811374787,3.509523386685018,3.16185317557218,96.83754745044065
453,568,96.89811710085117,0.4838792881093629,0.3144183647149858,2.2726334794944543,0.7820479752385865,99.21692029920041
454,570,94.59156605406297,0.7474812510301632,0.9610031729025877,3.7116212708092964,1.7270376627657822,98.2724884621724
455,571,87.2115538565604,4.060046791319404,1.7530920125852514,6.968313464605532,4.325627866278601,95.67430387052333
456,572,90.21383151157475,0.2335868556308272,0.300084507432498,9.29596996522727,2.001136001551612,97.99800507044596
457,573,90.1127440474368,0.35790902503495503,0.9088515354704387,8.640560097159712,2.5455538205607096,97.45379300490902
458,574,94.9479271683011,0.4048055479180032,0.6394311551034124,4.051186875630098,1.2375126019613234,98.76184584364402
459,575,71.90953226761397,0.41419478981645946,0.8633955002960332,26.80331557134399,1.6740230905861457,98.325207223209
460,576,70.1704385738462,0.28376789146086107,0.3381808794423888,29.217795370450048,1.463815506410808,98.53518056392164
461,577,81.80440527763919,0.7894427457159935,0.7506903314084736,16.670414297640278,3.236505811627206,96.76311382688118
462,580,95.55440893530896,0.9951650383548637,0.7015192024187301,2.7503685565078335,1.6102046425626546,98.38918317883112
463,581,90.84184121089258,2.4948594986414085,2.754141787548658,3.9329136889805025,2.101123499799831,97.89879983986508
464,582,92.33099687747588,1.3961504404157152,1.3007783007876217,4.963005079927297,3.1218064035046837,96.8775038448991
465,583,68.51368359432168,0.27400117078881897,0.1895763207961364,31.039075076833015,1.0797782818674082,98.91948997512074
466,584,96.71675379082787,0.45573351128906686,0.3790457123790457,2.4464835205575945,1.3615838060282506,98.63760056352649
467,585,91.73005448119194,0.4968137940910363,0.421112926427609,7.353502873768966,1.2628766329712102,98.73677838457083
468,586,95.55785792349727,0.5621420765027323,0.739431693989071,3.2227322404371583,1.5607431693989071,98.4384918032787
469,587,88.02432964302598,1.7414549412372606,0.7134862960234831,9.548258006354512,2.7712815664200354,97.22800382589958
470,588,92.71800522973477,0.2404557340306313,0.3481882704519985,6.65816212177811,1.8209562943593576,98.1785954426597
471,590,83.47526264214581,0.19640618946696747,0.3455026093297783,15.995442218727923,2.508135639570657,97.49091862081539
472,591,89.98410047066353,0.7287791627965063,0.7164544908169876,8.63000226355597,5.012457363191458,94.9875036099815
473,592,76.45940594059405,0.16973922744387115,0.3608980616371496,23.037874773392833,1.7538418630595454,98.24543299400362
474,593,95.23662142301374,0.22748623958963718,0.3728710988155961,4.178698020229964,2.020172329327685,97.97910723033918
475,594,84.4501552973657,0.8462747804747115,0.6190037961578282,14.113140841289926,2.694704551554891,97.30482763909659
476,595,69.27065879975225,0.19428236137823124,0.3132314111549369,30.26257456726538,2.079212439286762,97.91990742249894
477,596,94.37177327389591,0.30687590711175616,0.5259304374870413,4.807420174165457,2.3949046236782086,97.6047454903587
478,597,94.79144065687981,0.3217218213485942,0.834927842746952,4.068773326698183,2.9287260512565316,97.07095048519533
479,598,90.04932089911611,0.33105844461819667,0.843819741822569,8.795032181563045,2.7319842794488487,97.26757558654329
480,599,95.27195778253827,0.22070118605987774,0.533753069648362,3.9892888865666962,2.319713673650661,97.67987703990107
481,600,78.0210577905617,4.696160301865604,8.356879706984806,8.935347991230481,15.366991657536706,84.63291317676196
482,601,74.99141751187165,7.068340639641259,7.5172502458938375,10.403828408405868,19.689190189629098,80.31072586274365
483,602,72.50671429260993,13.982970507312835,7.161191292175508,6.418381039725829,7.43962928995511,92.56028382487811
484,603,81.3139472887877,9.592965113765725,5.2505223568742165,3.812801706125625,5.041831779471735,94.95809617130423
485,604,66.5402417902451,22.041054079215748,2.5110637073266475,8.897848528331313,15.742127759461674,84.25776747183843
486,605,77.03051878474716,6.282402539529946,6.49123099289831,10.187616241120612,18.587798858595267,81.41209189864821
487,606,46.2506191598569,32.05484210018734,5.454255407474441,16.240940651656004,28.19993742234443,71.80004444971364
488,607,81.51032680693044,4.022411257262666,7.3314227001992345,7.170454901060845,12.043669875974006,87.95626232175827
489,608,61.773860026952896,17.375680863879225,1.5360982437286859,19.340360440779467,36.5895317043155,63.410398963483594
490,609,80.90931792206672,12.276173635520669,1.5045349664675565,5.319871476937011,7.1819593297824165,92.81767839044271
491,610,80.32260862707989,7.912888798765307,1.8119684116845225,9.952065519844087,15.376342559735036,84.62342086586231
492,611,67.42500726088555,17.761840383888803,3.6251095558394226,11.191101367102663,16.0896854301657,83.91025031421
493,612,82.35955491220119,9.392386517130776,1.1985295735235237,7.0703226402558945,10.37740066261588,89.62232214747384
494,613,93.9815535066764,1.0034286917665332,0.6634683092798431,4.374036708719143,7.789171651760742,92.21027554572795
495,614,90.76638395252031,4.4169071660906,0.7726516504485172,4.030245207553833,4.597380197334021,95.40207655690838
496,615,95.37456663029097,1.4007329863156572,1.1623048025572433,2.074520275425161,1.9125534770977992,98.08716646225459
497,616,73.17419821278811,19.029364643280605,2.7322883831227047,5.075907342606785,3.992804881575523,96.00708522513665
498,617,87.303352464321,5.914259681869273,3.197784325079192,3.564533022241902,3.906029667222998,96.09370635920843
499,618,76.86470394894515,12.151312320681463,6.364703948945145,4.6607995124590005,4.632916549688781,95.36681982210231
500,619,95.20211135239694,2.0289968795051005,0.616233872880892,2.1619646343911385,2.463530356393365,97.53617766747568
501,620,90.17969291213097,6.672084014973867,0.6735540818749207,2.455649187397754,2.00249456042723,97.99718670825351
502,622,76.04114534242609,18.879139021850957,0.9694259118938932,4.102314053320355,4.593086793940626,95.40666473640655
503,623,94.12310816843667,2.920076207722634,0.6633152874452178,2.289790554518074,1.9108017530291312,98.08879582995365
504,624,95.45437406163686,2.277520543706234,0.4807399172521289,1.7877322269721385,1.6918444064960516,98.30774300024068
505,625,87.16289192614937,9.267516924921148,0.8781700451003704,2.7043960578935473,1.7545075805960324,98.24516816837472
506,626,91.84156858353018,3.6971471043414517,1.447422008634031,3.0186680377942494,3.339455893133502,96.66013684124786
507,627,80.0283078534968,14.677063036242485,1.9656740923407163,3.341502213647311,2.0312721604303356,97.96864478786678
508,628,94.45669256083637,3.037775638586044,0.46587566321162327,2.0341355302334954,1.5898676934786988,98.4096129306678
509,629,86.93837597918126,8.531353614879592,1.2107193652219477,3.3378467039184865,2.652316349850068,97.3472521278891
510,630,85.30470369253139,9.573813790102742,2.542835338093974,2.563845359348653,2.1195141310950816,97.88035519919485
511,631,58.864423740510695,34.93530344202899,2.9631771911663214,3.2119177018633542,2.7844364648033126,97.215431978951
512,632,60.41278922402868,17.391172104138754,2.5986530035847486,19.697251692797913,28.29644784009849,71.7034797407394
513,633,91.26805757886363,3.790425695375058,1.8610183468930093,3.095723596558961,2.7062591048863456,97.29359502243521
514,634,88.6074072589936,4.662365634485729,2.3859909237535186,4.34224261427956,4.161078330211078,95.8383807014556
515,635,92.69544951399219,2.04898993393061,1.6249091978276662,3.632354975959044,3.517235117091563,96.48234978726349
516,636,89.52768426898795,4.2835696555476215,2.03030818230247,4.135491402858535,3.658228206784771,96.34150543484421
517,637,92.3784850727856,3.6722324548568674,1.0941937927116865,2.850188490868091,2.0684993602212542,97.93121948140625
518,638,81.77023381869783,13.079938125615229,1.328170742620457,3.824162969970469,3.447138309704307,96.55243342750853
519,639,93.91834624108307,2.8351999623932027,0.4475208894007592,2.8073709322960125,1.35446757001328,98.64505059289466
520,640,88.09181454787718,5.960046332747865,1.1159545151717036,4.860991157410211,5.010494518805645,94.98934043970687
521,641,67.03488214596845,23.2840332952646,2.408993661709522,7.266083527524927,8.735821961453096,91.26405798350629
522,642,95.62484718826406,0.916320293398533,1.593184596577017,1.8507640586797065,2.4211491442542785,97.5786369193154
523,643,94.81207622868605,0.7917352056168505,2.338294884653962,2.0576529588766297,3.3533400200601804,96.64653961885656
524,644,95.32705384176259,1.9775629213726722,0.9091822208733479,1.7858469364896992,1.513632060814961,98.48582598076409
525,645,81.11438458331868,8.380580486065421,2.1952197037803414,8.28516038953538,13.211366638373956,86.78855802600586
526,646,93.67681769082651,1.585438345778905,2.285483297439097,2.4543874833108577,3.17027286328657,96.82925078329946
527,647,94.64197090799414,1.1940838028909209,1.7217202944845835,2.431842173811711,2.562358618609561,97.43730320852927
528,648,90.0462574105013,1.5887503932414395,1.7479100935532839,6.599483212026621,5.774922344360383,94.22491577761014
529,649,91.5290016090721,1.3164316910581564,3.1312159987740404,3.9755382729292776,7.392402881005287,92.60755880775419
530,650,96.35642161777548,0.9223454833597464,0.3539571137488276,2.3798505773149197,1.7904589411041754,98.20909473139494
531,651,62.80358305810113,22.81070905242592,3.850519839977671,10.48580615899893,16.243711331813742,83.75624505744987
532,652,85.97107356471133,7.727958034782047,2.7581043891972574,3.5780658541048487,2.5186342646578663,97.48115045549628
533,653,90.58453021563238,3.0696256436065195,0.6019995354419109,5.731417676435291,5.794142696759708,94.20553791955402
534,654,89.86873729363803,3.8898338460228423,1.9560399791376173,4.3012272615993785,4.116169411063449,95.88360706340674
535,655,91.12770872649183,3.749332986269278,0.9664540899329732,4.1594894904665844,2.9064797943645475,97.09323550465282
536,656,95.49815246755581,0.6186702497598917,0.47360701731145,3.414552215856134,2.7213845375018333,97.27822277314384
537,657,95.63658369712819,0.40266099876014544,0.46508784907809697,3.5054925209333985,2.943168123582589,97.05650541611533
538,658,89.90725454148313,3.4586124358367614,1.913543448978849,4.707847937675197,3.320875350394991,96.67907914376205
539,660,77.54066757741046,10.36626289623144,2.635758161135497,9.472427948147143,12.51160867566164,87.48822262724227
540,661,62.523909959683444,21.17108780050769,2.7891294609526653,13.541537255487532,21.982977452590713,78.01697401821711
541,662,86.31748111212255,4.29302208740421,4.518839256532086,4.857092306819625,6.314636788209967,93.6852767745961
542,664,80.36526670210881,9.227644869750133,1.693590879555792,8.718045956642447,7.510638549235041,92.48882981865438
543,665,89.4341460755531,2.9245870745173774,2.378217158698886,5.250948112730019,4.422636337442471,95.57696650650635
544,666,79.91721082232273,9.287259107849916,1.251378493662907,9.549996022104857,11.476147928740598,88.52372967448578
545,667,92.39708874760422,1.546400195884732,0.6664133674442952,5.40737269603249,3.2472538142641234,96.75212138098736
546,668,89.09824671465364,1.6442580730370469,1.4304629201611305,7.872135640229809,12.329739813775342,87.66948425014859
547,669,96.93411081006793,0.43691836494286723,0.2677975419169906,2.3639219381945265,2.2635567597282757,97.73514744571406
548,670,81.27878183540868,7.712666030283782,1.1115290577393266,9.86572084556123,13.893619965862435,86.10611034027558
549,671,89.4532955923979,3.308585178949043,0.9910376326622606,6.250654610780031,8.402557456596819,91.5970646921175
550,672,72.68519341278483,11.023515655133018,4.780552287118996,11.51658033111839,14.812638840743869,85.18729280688991
551,673,85.83253140234704,4.89403395105839,0.46664443491655155,8.817747288520478,4.578025502993347,95.42143458307528
552,674,92.37615018969953,1.9309595453025743,1.062579041472243,4.673564170773189,5.770674341866179,94.22875147180673
553,675,91.51331367091763,2.037095501183899,0.4806214431105388,5.965909248258768,8.475636605325468,91.52383029396697
554,676,94.91966678317604,1.0268699755330304,1.2077507864383084,2.8209250844693,3.3035943143423045,96.69569206571128
555,677,91.62150465387428,2.3275201075035077,1.9807224868090825,3.9982214493211865,6.529504179594095,93.47007094441041
556,678,83.8163803391524,1.3915864117010353,1.4593128139657516,13.37227665066193,32.06193278010602,67.93765785018456
557,679,86.76645099734637,2.0142421260820735,1.93638251985251,9.295407336732362,19.222974248884384,80.77685679358359
558,680,90.73984490167501,1.6582407991280417,1.6305536183345095,5.968587786737715,5.112456725729868,94.88728853550265
559,681,76.47681483191874,10.223517109623069,3.144915940988824,10.157574429470879,12.610528297391383,87.38939816660024
560,682,92.19155171275824,1.5051547752623589,3.682964820803907,2.6203022902778694,4.732875717774404,95.26709788132797
561,683,91.89279175537864,1.1317963035067808,2.3750755950260545,4.61156997406987,6.9814926807446005,93.01774515570504
562,684,94.91730579057247,0.9751675640039557,1.1412262388748489,2.97428853972091,3.5679266014723656,96.4313152400835
563,685,82.07559512630962,6.25898736050171,3.9694398442968604,7.71300769979342,10.55220266448136,89.44771766285945
564,686,90.80742025529148,0.42987614840510585,0.3188568795902328,8.463386541640695,12.76529174232364,87.233990081032
565,687,89.93402972559625,1.0174373630786129,1.6678575013729044,7.393908437605182,9.895865933663618,90.10357899958075
566,688,88.92913507504723,1.347261062674782,1.416740193512689,8.341074837867074,13.071483048946448,86.92811816138021
567,689,94.0850851136753,0.6116759968010967,1.6251570889980578,3.7081762443352755,4.786063825735938,95.21331733881716
568,690,70.25072462788923,11.601512090644361,6.569810887322897,11.525657570250056,20.500537136757046,79.49921287506672
569,691,94.94909823652361,0.44262130940312144,0.5820097873565376,4.026758782963491,6.40647567554037,93.59274834478529
570,692,90.14518930184092,0.14611554938057195,0.39967581336112074,9.310408706726873,1.3596156072710432,98.63887924047702
571,693,88.42682442401544,0.581063443422994,0.5584496651912382,10.42364657814096,14.403657360118034,85.59586028827601
572,700,63.237213495881555,24.38468543312918,4.933866573929172,7.441675199804221,13.124838836402043,86.8750697141238
573,701,42.05580805540039,47.65994053339532,3.8985667646211866,6.398174715243782,10.521373629995594,89.47858994063748
574,702,66.70880304975299,4.036783755397362,17.40852686038822,11.839701248687128,24.363294044423697,75.63665149570156
575,703,72.94360708634544,14.964986089996174,4.001996007984032,8.071291613663863,10.97915257567766,89.0207315938072
576,704,73.91469402686442,18.236770017363465,2.338098125054744,5.494343563065794,11.00812356055831,88.99177339216187
577,705,63.496042711301904,26.04595914048315,3.5149874343157412,6.94685737647752,10.30681192357178,89.69306181835672
578,706,66.78999407341647,23.34707585295244,2.242436289227032,7.646748793342715,11.448983822621988,88.5508674030589
579,707,73.39073557049056,20.745605215736923,2.5735628494752554,3.2698780365194393,4.910895894076612,95.08896296239008
580,708,51.844751830756714,35.75465088207155,4.663303498779496,7.767181394683429,16.122197086883823,83.8777367465732
581,709,70.11535305613988,4.871122946784228,10.041922153097913,14.98502140864402,40.74550567664742,59.25442718823196
582,710,46.41717514472632,37.92393858186919,2.041798327802648,13.644300238035994,23.231548907478647,76.76826172068535
583,711,43.69708386281495,49.60046869437496,1.826187001511233,4.875880864868433,6.237574765947515,93.7623639359954
584,712,59.378619054278005,37.746018333665575,0.7791867373989521,2.0905020187264025,1.9140531325218757,98.08575347438136
585,713,61.63504717074036,35.00777480156776,0.8035865519075099,2.552257105154314,1.705064699741989,98.29463494376932
586,714,71.43180371298313,21.904284922167,0.7281287222245041,5.9336776604920525,4.075496981147575,95.92412822935064
587,716,53.30348797311847,42.58489215442682,0.5049338018670358,3.5807510737230683,3.4172020492433655,96.58249032761864
588,717,60.48005251994748,35.856626052464854,0.45763972417845766,3.1933688975401933,2.83990597827584,97.15976347660016
589,718,68.90499241440793,22.665381547460782,0.4277022694214618,8.043746187653472,8.618788807732612,91.38082800256502
590,719,87.21076765008073,7.348369293996771,0.6275708204902393,4.820595919565537,4.55586085424923,95.44384558931455
591,720,73.62975572964473,16.02372261475299,1.5115482314769355,8.821482698998869,18.18127450352566,81.81853338171778
592,721,77.53379067070112,17.616875045930772,0.7751484961865477,4.10293285959402,3.728863057599586,96.27093564579465
593,722,51.915114663284434,39.80730599569139,2.463521314594272,5.78025124269074,6.312906264280452,93.68701446464044
594,723,50.588580731770016,46.316500528405356,0.49900888292251006,2.5914598269115423,2.435565964982434,97.56403987318271
595,724,89.56031998410018,6.345663230737264,0.5800321610219255,3.5127424498387434,3.0459830341575347,96.9536962590227
596,725,94.90403755868545,1.0259906103286385,0.4319906103286385,3.6275211267605636,3.026450704225352,96.97307981220658
597,726,95.26414285921773,0.2233881860829908,0.40355986114943865,4.138443886072824,3.9267040420618438,96.0728820205952
598,727,81.67741883906689,2.0195795825976526,2.4739026457105138,13.843043560688255,15.186328097340585,84.81348460380582
599,728,88.91449952923607,2.196162462257719,1.0480503879744165,7.830662965488133,9.548910749650986,90.45070776922827
600,729,82.89460799287815,3.9384780540597153,2.9166804856122956,10.247567138256368,9.030023477661311,90.9697757839706
601,730,68.56886957653947,10.364323695671604,7.04276204358299,14.034459891136315,11.857901223806124,88.14192774567431
602,731,61.549877031879944,15.63325675865824,4.6460124069327104,18.196466043057196,16.632696978410223,83.36723113724099
603,734,75.7091413342578,4.243158624574784,0.7072346326349317,19.350540593244208,7.0588802461378455,92.94062141139254
604,735,70.65857169564404,12.175962796784445,1.5704711160964666,15.601869508319313,12.13545989904655,87.86422228453917
605,736,82.63043183971843,2.962400162447543,0.6009543793150128,13.790764180316772,12.132377825910384,87.86684377961284
606,737,84.86351031575833,2.639050136803964,0.6968775419655402,11.82123973970273,10.477140797160393,89.52227686164312
607,738,88.52367662108104,1.0664247837008094,0.41306168015629363,9.95584085341272,10.139795950010853,89.85933575216299
608,739,77.78452766436718,1.3642475010558919,1.189427002674926,19.71885118963818,36.18140222441222,63.81775306208644
609,740,79.16449534516292,2.5577865777862345,2.161811151957153,16.133122569838154,5.009067925216911,94.99073399660928
610,741,66.43268092219823,13.549304425462397,2.8534491674423417,17.16123694280691,12.942281349399828,87.05764688748599
611,742,88.06077448931984,2.971316712984563,3.696695539282309,5.272450656226545,11.071160516867153,88.92869748666247
612,743,75.09889310020328,1.0013205850087605,2.0523242816069542,21.851226220371323,4.079687426886903,95.91996942897697
613,744,67.52837340345604,5.542084898572502,1.1224981217129977,25.830277986476332,4.67603305785124,95.32364387678437
614,745,78.27355473881141,2.150616317486433,4.065983786007139,15.549086470205793,4.136074143856065,95.86348799872623
615,746,85.66430414890705,1.6532964454698316,1.2277792984788645,11.4658722089704,6.243420795370117,93.75633480624096
616,747,76.67451776649746,4.513250481358305,3.3874881848415894,15.46074566777525,5.821851916681253,94.17785401715386
617,748,77.44458022255135,2.947281151359964,0.7771204774015813,18.868222309542418,3.8482686852025374,96.15135996407398
618,749,65.96087752322626,1.5588788938141378,0.5353620347157765,31.96302015111165,5.34781703519288,94.65164513918407
619,750,66.20301763654022,10.99345596311122,9.638523087256852,13.194363659468635,25.0927465984079,74.90720302444426
620,751,61.85144822315628,23.538704623614827,1.4126964717870334,13.215945739396256,24.348252451916952,75.6516023436505
621,752,51.830231451745355,24.076967324414124,2.8896307428246257,21.211369256404307,42.08893045806889,57.91103098848717
622,754,81.56086704601168,8.069907441798273,0.6717288921243816,9.700732442912537,14.33882244573534,85.66088635992215
623,755,71.32694410548169,22.240162596472324,0.6677231739592082,5.790169727896547,6.098160092550039,93.9015308790669
624,756,71.28956323514913,18.51353854519272,0.6748687673844003,9.520843354416197,12.908873625306608,87.09093217731117
625,757,74.26376018820498,14.643684607110606,0.9235992476402478,10.188547220928026,16.03154964251408,83.96827779790974
626,758,69.98674997052929,19.363464183268498,0.42337223466540924,10.22965145978231,14.078926480411804,85.9207827419545
627,759,71.37314079143228,17.513773705271703,0.7741730943957935,10.307065669160432,14.95356956446094,85.0461636606159
628,760,74.75449597075306,9.70475214124767,4.60263215994909,10.95028539146358,19.36246907447451,80.63742540535978
629,761,64.322253367919,16.328691939454526,3.269110931038583,16.089459591577892,33.154509202048715,66.84541923380118
630,762,80.36320198670292,5.2223272244314165,5.738539914810682,8.662637725350896,15.556561699385442,84.44327130125897
631,763,75.04184814541928,11.337224051258616,3.5837056173697315,10.027723113942232,17.166436612230815,82.83336286734875
632,764,82.71290469409657,2.166228896192023,6.143963152114452,8.97519950223618,16.54963649043099,83.45012130905204
633,765,65.7515357894873,15.756412602809622,5.853373930308526,12.646980091583522,20.27059288961357,79.72928324894117
634,766,75.16308662296454,11.384567706131294,4.161473448294263,9.29899145797331,16.52748348856206,83.47214708212414
635,767,68.3405691577553,14.161176563473196,4.5051757564060955,12.966432149342504,22.18988008035581,77.81004096742782
636,768,86.56913823123713,2.5296112882436743,0.3622210162132827,10.52097324921421,24.052845804219523,75.94655496008865
637,769,82.2319248826291,3.5816208727776493,0.8888555375971677,13.319802970830446,37.603378742399755,62.396390364042176
638,770,50.641036468852214,22.52071781690093,7.070852798574703,19.767754340153818,43.72496888961423,56.27498282978709
639,771,76.71876859954158,14.339217647878227,3.167753618600175,5.755429483201844,11.574898375270683,88.4249243354819
640,772,82.53860271458507,6.474059414076946,6.138838289071809,4.844767370194349,10.502554339638147,89.49735663511977
641,773,78.14300734316585,8.947623856090265,3.150471216304975,9.768667383140771,19.44147486000035,80.55843356894842
642,774,63.13246932497606,14.888152330608147,10.874627484216715,11.1155445911731,24.412875995265235,75.58701106052831
643,775,70.84302621808888,11.826753034709943,3.5069317328716827,13.82458945779302,31.75739140066376,68.2425076816416
644,776,79.31784019718944,11.884252082359549,2.0487694154597333,6.752551457903887,11.104412214715902,88.89540619882372
645,777,44.210271433277036,43.044285744321485,2.874816906936161,9.843020036863905,14.16641319811896,85.83351671841163
646,778,73.37247193830609,12.950276853075495,3.6114488365479516,10.065273758343231,21.262239247896417,78.73761019756101
647,779,80.18128783173177,6.4148976335757,1.228683303494221,12.239358398187731,38.42859317719561,61.57116323821355
648,780,86.43896079134088,1.223744816226513,0.9699645676172385,11.378492702553356,67.0515208383722,32.94829555585764
649,781,80.38615658186433,6.708044254234677,1.1989873854019515,11.70989819019294,36.24007687306283,63.75974817805096
650,782,73.47490161184203,7.207038182617161,2.4325382566662377,16.88330351138292,58.22585089672218,41.774089014273265
651,783,86.3688128306639,1.7164088905615587,1.5975616817086322,10.309519501480072,54.180952312023685,45.818700287329285
652,784,82.00747097896438,4.108478724309078,2.373930316590622,11.557264244383047,51.771993843232906,48.22791835973189
653,785,88.06681254299659,0.6168098020246131,0.8980041863521214,10.421019471710467,88.05171326190334,11.94813926608352
654,786,78.42032550874792,6.078716892176164,3.0745043126751006,12.441353078394659,27.440787832657286,72.55909012564942
655,787,71.08049719092828,7.411810830379319,6.132141951553823,15.384414616337931,31.254120939269672,68.74580574075074
656,788,86.62960808587012,1.4890648848320331,0.8003042641728937,11.062617765646984,71.88932142129153,28.110425025231056
657,789,81.42875798026698,8.332864190365642,0.35864770748694136,9.881137550783517,20.039683691236217,79.95992455020314
658,790,80.16631155876229,2.9413022775329685,1.5390860813842753,15.33177570093458,37.12699546430358,62.87265346310913
659,791,78.29018774000208,6.750402364771434,2.8023493568964186,12.15291221420767,27.05826695259123,72.94166957578285
660,792,85.22047065237143,2.5970834090496093,6.776231146647283,5.381673632564056,12.517781210248955,87.48183717972016
661,793,81.9829622936006,3.1491442810591748,1.6578110024918535,13.211095594074317,36.67785536296174,63.3217448451491
662,794,77.90276629503629,7.398001006181331,2.4873646844425368,12.180433643044859,29.178695693473543,70.8212304260791
663,795,82.27035162128882,4.009397660418662,3.088700574634013,10.634192433985497,22.285829114789983,77.71360651251881
664,796,76.50790361107208,8.972243688820196,2.4023582033628403,12.11904009179898,22.071624279893214,77.92830546578615
665,797,77.07584924150758,5.0038824611753885,1.1674233257667423,16.74030759692403,45.497175028249714,54.50263997360027
666,798,87.20295541342125,1.1132831091042057,1.6325583015078877,10.078226751947254,73.74930061406666,26.25031631977898
667,799,81.6157586445634,3.2439687153580485,1.0855912159683472,14.079432202157589,81.47421338174813,18.52575060062724
668,800,75.07691168916813,7.493922475960191,5.165186632363068,12.26048454207163,20.484245990000517,79.515675503507
669,801,87.09697099375477,3.926546932880431,3.3842759137167846,5.616224240073819,8.665910640972491,91.33397167578266
670,802,71.88241990507268,8.367221336398694,3.3418004672204096,16.413202684663304,29.853528255710472,70.14640314446751
671,803,87.98151285902696,2.1536855216881596,4.000054953106682,5.8850106242672915,8.33181143757327,91.66806491793669
672,804,80.64360227257282,11.10060076386718,3.083440936213013,5.152002093159175,7.641767360308809,92.35790303508081
673,805,88.43998909920592,2.0798541149048067,2.8779458961119535,6.599149390164353,10.848668856489306,89.15123112292675
674,806,78.27737167976666,5.54840685005665,1.9719323987326982,14.198866409695865,27.107844906387093,72.89197168390817
675,807,85.08192479839852,6.0504365671406894,1.295682171567424,7.553700591112538,12.711821621247317,87.28781326131707
676,808,81.75115692048801,10.025809510454021,2.504671087338315,5.702102156246035,7.528146723561111,92.47166629939032
677,809,79.24978877037859,7.502840297935094,2.8148178748585306,10.430390876127467,13.972608740385544,86.02731175621452
678,810,66.86992676269492,13.102613301624192,1.50262140907494,18.545320649677052,36.050117558035836,63.94965273085966
679,811,69.25533849258265,7.362208129143846,2.3240348581945582,21.04675477304477,36.5111204736457,63.488391689025875
680,812,91.47561191597889,2.6038161359262277,0.5953738797775495,5.302941211198092,10.56892541296211,89.43070855914893
681,813,85.85897707337729,0.33481035630028433,0.5527191337487145,13.264926501724034,10.747655919182142,89.2520264956748
682,814,88.89493014632072,0.4337777672803713,0.5817754526022415,10.070668540453724,15.784829410583747,84.21478087320051
683,815,89.2884722726131,0.6184518991934359,0.7800228852111301,9.334738075967737,13.450880522452625,86.5489938879741
684,816,85.41321917312763,0.6373900977858444,0.8109188712869985,13.117750728297395,23.892488179552434,76.10716986591437
685,820,85.29566615620215,4.391102603369066,3.488953547728433,6.827187340479837,10.62436447166922,89.37546707503829
686,821,82.62615659498437,9.713738753110842,1.8897645332142174,5.763639844298385,8.020994193095527,91.97868674621913
687,822,93.11588164677636,1.5911482239954806,1.5241331826848386,3.7288150554339383,6.307058117364593,93.69244756726219
688,823,64.94732448451457,15.38999200982672,6.762322159016374,13.011198168222961,19.607718268875292,80.39201936722598
689,824,91.68221206655727,2.3962788679296456,1.0178869285743346,4.960808776664271,7.043910443308336,92.95557423956822
690,825,77.82767788285912,0.6397694524495677,0.38494946624994925,21.169440272760482,5.712485286357917,94.28708852538864
691,826,92.01765810776023,1.3431126705504333,0.6184342254555163,6.011079223119536,7.871482918736473,92.12822150818546
692,827,92.87733437890273,1.211059800760942,0.49671807382881705,5.397171153902007,6.808472016496761,93.19119398216723
693,828,95.63839116548476,0.3164889297894224,0.6233151085367834,3.4323878092350997,3.344259189086775,96.65538894602933
694,829,90.19865764193379,0.7140607040994423,0.6242674499453692,8.451463681126105,12.464901451619768,87.53467285343324
695,830,62.31082581848874,18.62443546118194,0.9929960167621755,18.068766380880458,23.807012867783158,76.1927650185835
696,831,87.01670502493288,7.301112389719985,0.7653049482163407,4.896586114307634,6.049424626006904,93.94984656693518
697,832,86.81298912649135,2.1888922289137893,0.8715495527245966,10.132529308718501,10.053895908699843,89.94569983311393
698,833,81.04666164328401,4.90805216344333,1.3379500611975585,12.699123300123192,19.233475662508422,80.76629708922883
699,834,90.41482772942406,1.2592251133028758,0.7139610137697795,7.622542822325573,10.243113969229084,89.7566121869623
700,835,91.10909039563977,0.6485696534975007,0.6275309931942052,7.55204597441473,2.9973595775324053,97.00210386603032
701,836,84.77467479691234,2.267782553668113,1.1723343860060573,11.789635958545452,18.488431382856128,81.51142507086334
702,837,89.23203813319267,1.334544531051593,2.8965988786653383,6.497200570435054,7.280302408720623,92.71965070620641
703,838,94.23527162977867,0.34106639839034203,0.8264828973843058,4.587706237424547,3.4222173038229378,96.57749698189134
704,840,87.12836989979091,2.006163865342063,2.2014393150026725,8.674026233447917,10.766100900131036,89.2337857254689
705,841,76.63956992215907,2.114106647453336,3.9783075659223743,17.297382969267648,21.13122188703639,78.86871582675681
706,843,90.34893761686214,0.5333389993767352,1.5103575273386594,7.598186866111394,9.008402742365007,90.99124596294408
707,844,84.44150890764057,1.4534394060500073,1.1428923948437073,12.969594395240675,17.94400605108013,82.05585983810143
708,845,80.54502994865945,0.30718767826583,0.5022996292070736,18.646017541357672,8.658496149458072,91.3407907872219
709,846,88.83537106376475,0.5305173288132767,1.255906523747664,9.375600030565957,11.797111517113462,88.20263145097985
710,847,90.62114636202227,0.48793468319015765,0.705168672321957,8.13767732563353,8.589945120967018,91.40964687315052
711,850,65.55376327833122,6.373775945602989,3.2683146408739976,24.82090262053263,41.21631836584821,58.783649191779396
712,851,73.3080583531016,4.7947437700346125,2.426170826290146,19.47084475631756,26.366847066956442,73.63299904828193
713,852,79.45486644049497,3.5533000867991236,4.407263869335563,12.596293439256492,18.500469059288037,81.4994879380974
714,853,73.00934609965172,4.862640288343582,3.465232038344531,18.674445967861388,32.069659737862565,67.93023619714619
715,854,65.5779290302845,5.537148210461915,23.103988222698074,5.7748546956255735,7.494876108901805,92.50497093912512
716,855,76.04335873409414,1.4716374375615269,6.270419659459656,16.184394939293398,18.180092609472418,81.81944798920772
717,856,78.65214277070407,2.712787286303471,1.4982976232138125,17.162600695341602,35.74244887145992,64.25723060418841
718,857,73.86222203543271,3.7214226242740294,2.7589215025903795,19.6664107145494,35.95331069898781,64.04663023513896
719,859,73.43746469470548,0.3871257638781903,0.534047142196888,25.647357880141733,11.860114004005545,88.13934678786012
720,860,51.328867819412345,5.598831091119181,1.1285541845493563,41.97398584516342,14.280197672499174,85.71945155166722
721,861,52.24800334868146,31.971285056509,2.463440770196735,13.328572624529091,22.54766848053579,77.45227291753872
722,862,61.4920727313044,24.82945285215367,3.1897278119629693,10.470342036698264,17.220161871500636,82.7796718221631
723,863,84.6565336145349,5.017632720797967,1.00302089996024,9.309972859439556,13.86328158763635,86.13651096858956
724,864,82.64652820242488,3.6673020558777014,2.936619926199262,10.75459778597786,14.371188191881918,85.62858829731154
725,865,2.686046696947964,0.119117061120408,0.23987568730576142,96.95889712327676,1.835397242808192,98.163917443621
726,869,87.77075227940958,2.6189302367022065,7.4346470256303645,2.216031599893083,3.95162008850346,96.04820171661073
727,870,71.17118494500082,2.7361783779346576,0.6415544792863788,25.443064904503913,33.8765049526624,66.12306066327368
728,871,69.94294519076428,3.022617208400443,2.330207411076794,24.72029951927485,47.33758728794657,52.66235934376159
729,872,92.96701664677076,1.998167069284781,1.5443804224200326,3.500822468910675,7.2569862859183925,92.74295731621345
730,873,49.50343066858146,0.8139380883995532,0.8684617839476624,48.797423009414395,9.586492739747886,90.41316419339397
731,874,61.149689561505625,0.5880416504979951,0.4691760444961842,37.80515457250032,16.979633941275385,83.0201073599793
732,875,79.53290522112916,1.755177994734369,1.8413250097580744,16.868558117101863,33.855371664541025,66.14430762422587
733,877,73.38617367216669,1.086402505118632,0.6357461158617367,24.883463808262075,67.79094303263881,32.20826207394917
734,878,76.61664510564898,0.9775765416127641,1.2257977576541612,21.223372143165157,42.124460974558,57.8739758516602
735,879,80.685678218958,0.39017672710580675,0.39448014689006194,18.50665595593298,46.77134496212991,53.227450080330506
736,880,75.94185260507176,2.1142001723272594,3.2666546753197774,18.667666590270183,52.646618875347045,47.35308811028945
737,881,64.5031814628214,5.7963809503127175,17.817049600416958,11.871536223071578,21.08739793259208,78.9124717685893
738,882,70.33022377362946,3.4064990472336047,10.90447378627679,15.39586516247618,32.68682147012698,67.312996408155
739,883,73.48765082904485,4.340938174508587,11.253969474453116,10.888882176222149,17.475337357271922,82.52438803363412
740,884,80.32159967777496,3.9653926057830917,8.973564826592046,6.741107012634614,16.101670482489613,83.89803273128126
741,885,58.01116828638292,11.879765573892108,24.243645339466,5.81357189584359,10.358551899485423,89.64137391503739
742,886,66.4259203970816,7.816079192401709,4.555587691963202,21.24686981022933,43.422869511671735,56.57703718908026
743,887,60.73155494198239,17.708487697469593,13.688915490004193,7.873977701663637,13.751721305745841,86.2481563679575
744,888,82.60672558100013,5.272953222585716,4.919977057398989,7.212601436036878,12.296830522156604,87.70293580320347
745,889,100.0,0.0,0.0,0.0,0.0,100.0
746,890,64.61565071257073,10.870554824849524,7.332714438959738,17.185586017414707,25.0668478111785,74.93306556285941
747,891,59.05053420769003,10.366166822801791,9.533716375437654,21.058842147037698,30.834351559906192,69.16559839226642
748,893,84.88447862399735,3.2670966674935915,0.8747209129248326,10.892830563135698,12.994955759530306,87.00396923840238
749,894,80.48115826095352,1.5581388933904787,3.004447953768865,14.936876984770068,19.33373790173815,80.66598280814148
750,895,77.21828116986774,2.4755061649920904,5.548749304768028,14.776417009166227,21.039373605021563,78.96056860946382
751,897,82.35699158952018,1.721259151691172,2.015671325709445,13.94041568342712,19.876792521328735,80.12313184485993
752,898,79.40145561464327,0.7074250866653357,0.8621522042942447,19.02419369475652,22.540337949434633,77.45928090458645
753,900,42.53383547457338,14.162305302428495,10.993076356800326,32.321767864347,53.00869167391042,46.9912854510745
754,902,53.60053653674962,9.207613274244945,7.219808317529125,29.985684289971747,54.170743507373146,45.82920811239695
755,903,26.032465131413527,36.43145346171481,1.2867506766650396,36.242430965375455,58.12221384094304,41.87774178757894
756,904,77.97240420238367,3.8646502178329696,8.892517627630564,9.348141629455798,12.848168790673924,87.15177688688982
757,905,46.01468294025879,3.862857896668808,33.57230774525099,16.54336629347527,23.456054418647334,76.54392263925851
758,906,55.35029495681678,2.3113006191063716,13.136456772715254,29.167054067154314,61.07708397594078,38.92287333656473
759,907,46.23819175099394,10.294298147554104,16.919211066071757,26.555182927817146,44.54311950981631,55.45684970789225
760,908,46.025132538596175,13.4048370760566,12.863405786353292,27.657732583517326,41.14615479151922,58.853826138179166
761,910,55.17557699163146,6.061294000134122,24.196210685330875,14.525220331565034,24.84912273271143,75.15079961739781
762,911,55.59393902988437,9.22884517194774,17.622898333083047,17.52772488361616,30.45385793662712,69.54608800120138
763,912,70.82334381752582,1.300207222771863,17.006408647243838,10.875267642238006,16.998026215403396,83.00194425165999
764,913,62.73275595331492,3.700649332557106,10.626903601684042,22.958640976873028,39.7169244395694,60.283035966982
765,914,58.89204664570231,4.575861504192872,8.615055031446541,27.9011071802935,47.973761792452834,52.02621527777778
766,915,72.76587639576567,2.541121853969918,11.605638284928071,13.114019898728017,24.525846819105027,75.47409702267856
767,916,63.02608552708828,4.822548904492403,7.088842965502665,25.07176572810746,41.40081253082216,58.599168682338025
768,917,48.40383390998424,4.0986595399994075,21.723691958747242,25.76821751719428,50.92387116490761,49.07608413750019
769,918,28.312339718506568,1.5170063931998508,52.88838990091142,17.2457348567851,34.40845443490615,65.59152148524507
770,919,57.56487509184423,6.0654665686994855,10.995255326965466,25.429222997795737,47.27381337252021,52.726116825863336
771,920,72.68158428989135,2.8041271913584187,5.516034582923684,18.995236628404346,28.38961570627817,71.61031646216117
772,921,58.36566230154131,6.9155352107235295,15.994933364236875,18.747675667323367,29.105859311623593,70.89411982848534
773,922,65.80135061426977,3.5638684709488064,2.7456299836367886,27.898536401651906,53.79376249967533,46.2061180229085
774,923,57.82031486567726,9.17237248597188,4.55641306384426,28.451950971956194,48.39945707914976,51.60046744117692
775,924,44.94775627482464,14.27641764556748,3.6211146792867406,37.12781205104369,62.016356798783065,37.983596721034395
776,925,59.35739108189867,7.582113806835799,5.983670256161036,27.072777236580443,44.4220393634933,55.57790126361637
777,926,70.28120456791565,1.2515151538901033,16.94972345943353,11.51072187393951,17.724814509739073,82.27514551982338
778,927,50.217495225800064,1.5034605215942323,14.510107280294,33.728712017785185,61.07313084401255,38.92684234622539
779,928,56.04307916792538,2.9553436130773196,17.89922490719487,23.10791125557869,40.72626497116303,59.273691058870085
780,930,66.1851880384493,1.935229828001471,6.179532276796551,25.710274124926777,45.81420001715188,54.1857534692596
781,931,74.88651114310889,1.5817412047882058,5.9221110657411185,17.658383658206358,30.954970879628636,69.04495927446219
782,932,57.04772228144305,3.525948139681235,3.5472920385805837,35.87832089696005,59.35175885850789,40.64808060311059
783,933,59.38412370698024,6.502248186744637,4.564674536762034,29.582248648108312,47.232844480071975,52.76711707295505
784,934,74.55756018464831,2.245257146577313,3.6068736534365216,19.587188141493176,35.17992020816676,64.81994144801223
785,935,59.11549086594058,12.65641084749862,3.474430680160536,24.76861579508265,38.896668354659994,61.103182371303106
786,936,61.714266945580995,2.1453653243061552,4.39614593179794,31.73480843977464,57.73434263464839,42.26550209697619
787,937,51.09988237704339,7.552490568970145,12.152321728810207,29.213100654167313,46.70432661740396,53.295615100950876
788,939,55.71053690839447,3.2414698435369735,6.357883529182627,34.674237486203985,54.27111082256703,45.72880088294488
789,940,53.233264990423805,2.1371531699651327,28.292885380346707,16.345938712370476,22.16443058488435,77.83550189068409
790,941,48.492658024763415,6.081108802795477,33.28203988322379,12.196788530003067,15.125442536393225,84.87452766108574
791,943,53.937076539961474,6.14698115867124,21.009735469623642,18.90933608983696,22.135121928299583,77.86482168867171
792,944,55.226265354587596,2.2498235976965275,25.163481308943027,17.373092768643637,21.349246212092474,78.65070826473244
793,945,52.95175209078524,7.927347356626529,21.428132308073874,17.698394389510057,23.026881838642126,76.97305879528203
794,946,35.614900309670105,27.199412408295643,17.151323180321782,20.05003077163539,24.505900338976428,75.49406058593101
795,947,59.79024030216858,8.718236481646297,20.556899009413826,10.962337464996635,10.458122589561581,89.54177610871122
796,948,34.3866240276993,22.189525000300556,14.03309729619255,29.39541831471886,41.54771637071857,58.452211495690015
797,949,80.01406205537346,2.3436495473372467,5.093043537830802,12.553668728855538,17.06850542246767,82.9313075050325
798,950,58.08682939465141,1.5581674957020897,20.87590005632798,19.47685970912281,28.75223876220185,71.24765615740554
799,951,43.194946593349734,3.1511083779244298,31.339233868152718,22.327357510400027,33.83683970612996,66.16312436090658
800,952,50.65784530408821,7.859894007761573,14.502727741430096,26.991137338283902,38.07742389301658,61.922434224462144
801,953,64.0401292986778,3.5945403750560647,6.922086602362593,25.43227796088793,40.28088847891323,59.71896494610438
802,954,76.34882786652803,1.4878710180546366,2.9379312789488607,19.21890065223556,24.639756041843906,75.36004111919841
803,955,80.35614799675393,1.509608968771603,2.3668419945297705,15.75920170719245,11.117441615821587,88.88216765351207
804,956,75.00708866216041,3.9428844388983495,7.260038778950573,13.790583403396024,18.188963137759355,81.81091198957228
805,957,66.74936526977254,5.554918387183814,15.228723940301224,12.462603743039098,15.721427387187065,84.27847183618272
806,958,49.73267078764106,13.247515142151189,16.224466426851045,20.797743722907043,25.096295484081583,74.90365218344773
807,959,76.49764321235479,1.67043301012596,5.661894373326778,16.190378111975967,20.04788489197492,79.95187507380085
808,960,85.56383280257432,0.8639811927905697,1.8982443269920135,11.65703519682545,11.260980042349567,88.7386331427047
809,961,80.70006996348248,2.8034026142452477,1.966792942220402,14.503020374731237,19.23140848435207,80.76798573427529
810,967,26.422537133403107,1.5276633224121043,32.710208812077525,39.344670625743376,10.312331050757995,89.68749363569846
811,968,20.807076062145644,1.6854257173011316,52.37649166728027,25.081098593623445,5.536801413739783,94.46315931571067
812,970,82.0458213125701,1.3972913573683767,4.914980518259674,11.636846097492983,13.981976959033238,86.01788819231493
813,971,83.18882544733603,0.8860244488362843,3.4741088515060494,12.47046313725613,16.499265532653258,83.50055594010254
814,972,77.28431487864196,5.002345301021881,7.3229505645236985,10.392228428042387,9.839942115974779,90.15998778637564
815,973,84.17723489070298,0.8970439095902241,2.2198642447610726,12.707122129509695,14.146417179597888,85.85341379575799
816,974,89.49902381179452,0.7386892626495097,1.8378627866259516,7.914228595386634,6.58874135601089,93.41106430606064
817,975,89.73980112098005,0.5974457970280667,1.0615659964696864,8.609988255729727,9.460646145839926,90.5392096879681
818,976,86.06348872138236,0.6504681293075617,0.9546469027666653,12.374545556631714,10.369969540012072,89.62969357532882
819,977,89.54135951433797,0.37524273675081543,0.8151759959276786,9.278171603099489,8.42218283969005,91.57765219358609
820,978,85.02477545526959,0.6389979948910923,0.7514145631334633,13.587881451369242,16.223700112615706,83.77581234378005
821,979,77.96944401183616,1.1616570627628096,1.6407101697554898,19.214390281887557,30.79224419872294,69.20722628874007
822,980,70.76716043797948,4.166561238148562,14.895722172989288,10.192263796242393,8.84786553599834,91.15204473234381
823,981,67.21873250202715,8.372154727966786,13.831696510512144,10.585199590155364,8.656910784443562,91.34303345438155
824,982,83.12890141987923,1.65863295455452,4.583962510356491,10.650060571940433,9.66549359578515,90.3343571111914
825,983,83.84085042336184,2.654246090804878,3.753383671490273,9.763224276669273,6.251898191357869,93.74788459220767
826,984,64.85722890512335,10.516699199468144,8.16640215541265,16.48623500096224,11.667350646948707,88.33255187961281
827,985,84.38280637190473,1.8431270700804374,3.3546080647705168,10.410119341780138,7.748019557331371,92.25176383996636
828,986,86.47268331484311,1.6039446967952609,3.370626016089981,8.554258332810026,7.566960765844026,92.43285782066579
829,988,77.84695892754758,0.6146988960583915,0.8401832925308749,20.711314263872076,27.023716997788476,72.97601907552854
830,989,67.41845743092516,0.9438478157769932,1.187265286048023,30.449533645992517,39.7219722119759,60.27782754562541
831,990,90.69844299064104,1.1922072068899954,1.6621831933128173,6.492243121624191,3.9749371492151573,96.02480933501406
832,991,86.60613923940777,0.8389686355510041,3.3188342908718518,9.261329908180445,3.5929564508010343,96.40634058285457
833,992,88.36552663508878,1.880340434468115,2.2435424784749283,7.5184071446904825,4.691628555428518,95.30830436101454
834,993,75.78161749535795,1.4527972629117667,2.036047497879559,20.748197625106023,30.574169589436764,69.42566134837128
835,994,94.21424291311362,0.45282323115925327,0.5662134132288545,4.766397787508643,2.9852500576169625,97.0146116616732
836,995,63.53065543071161,5.16480961298377,7.663277153558052,23.65486579275905,7.122222222222222,92.87761860174781
837,996,72.97718773779759,0.8668279160778345,3.595879986955104,22.5520871833895,3.839216219154256,96.16036525709316
838,997,65.16445690593727,3.45817362902865,2.389986726521603,28.96660005070767,4.717230168081013,95.28234478232987
839,998,69.20704605953053,0.7179761232556263,5.220214568040655,24.90447285633621,4.65729612002904,95.34234088892474
840,999,62.34279549090368,3.3408980988876076,4.353175341344544,29.955727519624986,9.930503366940734,90.06845492763868
